ds,yhat,yhat_lower,yhat_upper,y,y-yhat
2021-03-01 00:00:00,7147.09020304825,7003.051298481509,7282.671662083732,7102.38,-44.71020304825015
2021-03-01 00:30:00,7114.760533926228,6975.008998709182,7245.0495749146085,6947.85,-166.9105339262278
2021-03-01 01:00:00,6894.31396539686,6757.704556415046,7037.787036926222,6769.28,-125.03396539686037
2021-03-01 01:30:00,6680.7904522948875,6536.867089333376,6824.476556872617,6499.29,-181.5004522948875
2021-03-01 02:00:00,6364.387083570595,6227.09957687478,6497.88965836033,6336.15,-28.237083570595132
2021-03-01 02:30:00,6274.361893241791,6141.123664018962,6421.88689436226,6243.42,-30.94189324179115
2021-03-01 03:00:00,6269.177989321711,6132.486582895444,6411.499489812857,6205.89,-63.287989321710484
2021-03-01 03:30:00,6315.796713419086,6182.084539415149,6457.361647433258,6231.0,-84.79671341908579
2021-03-01 04:00:00,6429.6524001699145,6294.695356137884,6568.285897681386,6308.0,-121.65240016991447
2021-03-01 04:30:00,6584.0485477623115,6447.315804254446,6722.487203388925,6526.71,-57.338547762311464
2021-03-01 05:00:00,6914.819985261366,6782.193394553318,7060.311919355562,6743.86,-170.95998526136646
2021-03-01 05:30:00,7154.75454672572,7008.2098846805375,7295.458113427392,7217.68,62.9254532742807
2021-03-01 06:00:00,7755.59464822655,7607.48665329363,7904.290299885914,7648.96,-106.63464822654987
2021-03-01 06:30:00,8155.583655372879,8014.63508532403,8292.36811012626,8071.15,-84.433655372879
2021-03-01 07:00:00,8521.470610004551,8396.023415566804,8656.254950595727,8308.62,-212.85061000455062
2021-03-01 07:30:00,8608.90216806603,8468.190636738105,8746.290094885382,8374.86,-234.04216806602926
2021-03-01 08:00:00,8523.153327253689,8380.51526678642,8670.547879036292,8267.72,-255.43332725368964
2021-03-01 08:30:00,8281.213064207055,8146.706245847267,8424.65703119737,8226.01,-55.20306420705492
2021-03-01 09:00:00,8248.694071995043,8101.735870085756,8383.819853989973,8128.15,-120.54407199504385
2021-03-01 09:30:00,8128.976154906468,7994.867697990741,8258.263925062549,8063.04,-65.93615490646789
2021-03-01 10:00:00,8087.7800869310895,7942.0428620790035,8226.655229057294,8027.53,-60.250086931089754
2021-03-01 10:30:00,8086.749060649035,7946.9929922699,8222.841064065005,8018.16,-68.58906064903476
2021-03-01 11:00:00,8109.496685497562,7964.887371694361,8243.852560784147,8100.38,-9.116685497561775
2021-03-01 11:30:00,8255.209092274132,8118.42178066371,8392.24713396349,8142.51,-112.69909227413154
2021-03-01 12:00:00,8290.369350295396,8158.173954964814,8427.946809291388,8278.88,-11.489350295396434
2021-03-01 12:30:00,8475.1786479941,8330.031535363081,8620.209709531839,8519.26,44.081352005900044
2021-03-01 13:00:00,8779.963983390453,8650.154902255526,8921.26317521759,8812.15,32.18601660954664
2021-03-01 13:30:00,9108.0434222153,8968.15372762399,9249.325638114904,9162.01,53.96657778470035
2021-03-01 14:00:00,9492.735369774116,9362.537438805026,9641.255284881772,9491.93,-0.8053697741161159
2021-03-01 14:30:00,9820.241496001405,9682.717199509656,9959.884073365563,9631.56,-188.68149600140532
2021-03-01 15:00:00,9862.161098690978,9722.717117755252,10003.199765390655,10002.64,140.47890130902124
2021-03-01 15:30:00,10349.537154754282,10218.18916286894,10485.12065593603,10486.53,136.99284524571885
2021-03-01 16:00:00,10917.529155127379,10782.291801841147,11054.688202575857,10809.26,-108.26915512737833
2021-03-01 16:30:00,11152.401818630036,11006.034609316548,11289.079881072543,11065.98,-86.4218186300368
2021-03-01 17:00:00,11335.89835936245,11192.820322724254,11467.291958336931,11404.28,68.38164063754994
2021-03-01 17:30:00,11681.562097675745,11533.53027302852,11820.990404350201,11344.27,-337.292097675745
2021-03-01 18:00:00,11374.741707478339,11225.728679841533,11521.198657059027,11301.92,-72.8217074783388
2021-03-01 18:30:00,11266.69561257875,11137.593852780441,11401.737788008915,10998.98,-267.71561257874964
2021-03-01 19:00:00,10795.233957038332,10656.810710371166,10941.163893116962,10694.83,-100.40395703833201
2021-03-01 19:30:00,10448.524416529872,10308.80566870741,10592.591211001345,10503.21,54.68558347012731
2021-03-01 20:00:00,10312.499947058592,10179.395889487407,10452.148104355054,10088.74,-223.75994705859193
2021-03-01 20:30:00,9795.973513692534,9658.127497346144,9935.266330607226,9686.49,-109.48351369253396
2021-03-01 21:00:00,9401.667233158241,9269.262407692031,9540.219954566124,9221.54,-180.12723315824041
2021-03-01 21:30:00,8938.826604943188,8797.827029405884,9075.388787147014,8812.95,-125.87660494318698
2021-03-01 22:00:00,8588.48652338238,8444.612684299813,8730.334544843989,8396.63,-191.85652338238106
2021-03-01 22:30:00,8202.10127475561,8063.111006329317,8340.949385439506,8167.28,-34.82127475561083
2021-03-01 23:00:00,8089.355179386303,7948.585723318108,8221.791707762315,7951.83,-137.52517938630263
2021-03-01 23:30:00,7899.654415965688,7769.426003659157,8032.844575144474,7757.99,-141.66441596568802
2021-03-02 00:00:00,7705.7519745169675,7570.123657093838,7853.8057845386165,7608.8,-96.95197451696731
2021-03-02 00:30:00,7562.803766804679,7418.847464713325,7704.8957154812815,7380.75,-182.05376680467907
2021-03-02 01:00:00,7277.188751632726,7145.069773009458,7416.913543115779,7149.54,-127.64875163272609
2021-03-02 01:30:00,7027.338388703492,6884.326251283223,7165.586604580677,6859.84,-167.4983887034914
2021-03-02 02:00:00,6712.430948560341,6575.47232811215,6853.788974809753,6618.76,-93.67094856034055
2021-03-02 02:30:00,6517.478880240339,6380.563281699517,6654.587358857266,6495.31,-22.168880240338694
2021-03-02 03:00:00,6502.701149319438,6364.291942168,6641.988117229919,6434.3,-68.40114931943754
2021-03-02 03:30:00,6535.365803493317,6390.788043037404,6665.938785749193,6386.63,-148.73580349331678
2021-03-02 04:00:00,6551.142788500718,6420.458919075727,6690.184080584676,6444.25,-106.89278850071787
2021-03-02 04:30:00,6712.212519703618,6570.398941505074,6849.870481911642,6617.63,-94.58251970361835
2021-03-02 05:00:00,6988.901329603977,6847.124126546858,7113.249892319485,6850.07,-138.83132960397688
2021-03-02 05:30:00,7273.470267044442,7129.99442699384,7409.143994189659,7308.19,34.71973295555745
2021-03-02 06:00:00,7845.4095501308575,7707.254074528147,7980.045457531581,7677.56,-167.8495501308571
2021-03-02 06:30:00,8153.820971424463,8005.367720419351,8290.094728285474,7999.41,-154.41097142446324
2021-03-02 07:00:00,8396.847724030094,8259.318933571503,8535.967867157748,8109.91,-286.9377240300946
2021-03-02 07:30:00,8344.301614105874,8204.90021006836,8478.50507538408,8064.19,-280.11161410587465
2021-03-02 08:00:00,8155.8557576146795,8016.111506242722,8293.68515993645,8009.02,-146.8357576146791
2021-03-02 08:30:00,8057.8068865630885,7921.2020603447645,8203.405522146099,7836.62,-221.1868865630886
2021-03-02 09:00:00,7811.289312858643,7672.170267024361,7940.935915722839,7774.02,-37.26931285864248
2021-03-02 09:30:00,7800.1807756908975,7665.775810743432,7939.60373993329,7663.85,-136.3307756908971
2021-03-02 10:00:00,7685.551492353019,7550.277384578287,7828.313063930912,7469.35,-216.2014923530187
2021-03-02 10:30:00,7457.2269278803915,7328.128329311931,7592.6046583290545,7357.17,-100.05692788039141
2021-03-02 11:00:00,7400.286434113824,7259.575757589067,7537.411978122437,7231.9,-168.38643411382418
2021-03-02 11:30:00,7290.715337710005,7157.122564511595,7431.4014069410805,7321.09,30.374662289995285
2021-03-02 12:00:00,7504.243323407122,7368.1640162540725,7633.057464817193,7169.48,-334.7633234071227
2021-03-02 12:30:00,7249.2403738733055,7111.995852909428,7383.711600822649,7107.26,-141.98037387330533
2021-03-02 13:00:00,7219.528532440643,7078.243360546102,7353.807528103823,7111.89,-107.63853244064285
2021-03-02 13:30:00,7279.284727524864,7130.427047202188,7412.597253596858,7102.15,-177.1347275248645
2021-03-02 14:00:00,7281.311999917442,7146.135563297651,7413.320640262324,7184.91,-96.40199991744248
2021-03-02 14:30:00,7428.43961612409,7288.66373414558,7569.154309081429,7280.31,-148.1296161240898
2021-03-02 15:00:00,7557.501776443552,7428.073124933082,7691.679003352594,7456.95,-100.55177644355263
2021-03-02 15:30:00,7795.8017540022065,7667.013494706829,7931.42399441314,7660.61,-135.19175400220684
2021-03-02 16:00:00,8031.096233756602,7890.753599336916,8161.825144965106,7949.06,-82.03623375660118
2021-03-02 16:30:00,8364.885011288186,8229.921344343817,8504.096475083617,8052.47,-312.4150112881862
2021-03-02 17:00:00,8360.718353931003,8210.851221471637,8491.520484821916,8329.9,-30.818353931003003
2021-03-02 17:30:00,8688.024104014901,8538.968955795415,8821.718207522987,8459.65,-228.3741040149016
2021-03-02 18:00:00,8717.949049244562,8580.111861206426,8862.659010352916,8397.76,-320.18904924456183
2021-03-02 18:30:00,8498.35028394176,8364.79468591538,8638.427972424595,8394.8,-103.55028394176043
2021-03-02 19:00:00,8475.530351242449,8340.649001302012,8604.988202952118,8420.61,-54.920351242448305
2021-03-02 19:30:00,8496.17888510592,8361.627927443273,8636.073833162684,8317.72,-178.45888510591976
2021-03-02 20:00:00,8310.233504498614,8164.476377619347,8445.578439124041,8129.39,-180.84350449861358
2021-03-02 20:30:00,8062.657996008664,7930.831091411168,8199.347047732672,7949.77,-112.88799600866332
2021-03-02 21:00:00,7893.6776602529135,7762.201914825958,8045.387407138061,7642.11,-251.5676602529138
2021-03-02 21:30:00,7540.360310215036,7400.834917587754,7676.507429423352,7606.18,65.81968978496388
2021-03-02 22:00:00,7662.903039970787,7528.412506267242,7806.1347255214805,7495.2,-167.70303997078736
2021-03-02 22:30:00,7552.15083884882,7409.403826146258,7687.98978537279,7445.58,-106.57083884882013
2021-03-02 23:00:00,7530.564918653493,7393.392768545731,7665.4046141433255,7316.87,-213.694918653493
2021-03-02 23:30:00,7355.4810227208745,7213.66831886925,7500.215698933227,7197.12,-158.36102272087464
2021-03-03 00:00:00,7214.360035278824,7074.794444697414,7354.628984301458,7148.14,-66.22003527882407
2021-03-03 00:30:00,7180.571153960812,7051.372623982147,7326.245865082516,6963.17,-217.40115396081183
2021-03-03 01:00:00,6905.273837140869,6761.0337768731915,7044.349797118511,6756.23,-149.04383714086907
2021-03-03 01:30:00,6661.120051709986,6529.958977014338,6800.7929587060535,6451.45,-209.67005170998618
2021-03-03 02:00:00,6307.198428409884,6173.966891959623,6450.0239952689135,6286.25,-20.9484284098844
2021-03-03 02:30:00,6232.9653763003025,6097.901179342398,6369.698953444466,6124.4,-108.56537630030289
2021-03-03 03:00:00,6125.597621438657,5991.411778555511,6264.8462940865375,6083.11,-42.4876214386577
2021-03-03 03:30:00,6198.108032385973,6060.04673229902,6338.805044495548,6088.95,-109.15803238597346
2021-03-03 04:00:00,6291.271419325929,6155.720560029317,6437.515657963798,6160.29,-130.98141932592898
2021-03-03 04:30:00,6446.267442391643,6305.917925280464,6571.641480203646,6382.46,-63.807442391643235
2021-03-03 05:00:00,6785.791121723751,6645.944821137605,6914.934532886112,6583.28,-202.51112172375088
2021-03-03 05:30:00,6998.793680900273,6854.799973407038,7132.994326846074,7076.98,78.18631909972646
2021-03-03 06:00:00,7635.413695424194,7494.007075704568,7777.54253007588,7551.88,-83.53369542419387
2021-03-03 06:30:00,8092.896281982346,7959.172613469334,8224.674629170375,7834.03,-258.86628198234666
2021-03-03 07:00:00,8220.1409592991,8076.090262152847,8366.805193216824,8062.38,-157.76095929910025
2021-03-03 07:30:00,8352.582408789825,8211.574052619495,8475.184635074209,8041.08,-311.5024087898255
2021-03-03 08:00:00,8151.459371694235,8013.869223782019,8287.505308743011,7927.19,-224.26937169423582
2021-03-03 08:30:00,7939.026133530607,7801.350727838441,8078.87436049147,7841.96,-97.06613353060675
2021-03-03 09:00:00,7851.2853298256005,7718.10915107975,7992.365720863909,7665.62,-185.66532982560057
2021-03-03 09:30:00,7631.9118248932145,7502.919306749392,7785.8581663860405,7287.8,-344.11182489321436
2021-03-03 10:00:00,7152.050760285727,7005.700906733211,7288.157356481267,7197.37,45.31923971427295
2021-03-03 10:30:00,7220.78342556431,7084.916836380755,7369.410465362367,7266.58,45.79657443568976
2021-03-03 11:00:00,7422.520131137896,7296.222897010392,7564.954589069402,7054.54,-367.980131137896
2021-03-03 11:30:00,7084.584168033435,6951.560513708833,7238.43068881099,7028.14,-56.444168033434835
2021-03-03 12:00:00,7142.834158028698,7006.255368232056,7284.626281427606,7011.85,-130.9841580286975
2021-03-03 12:30:00,7158.459464564269,7021.62532822278,7292.116513345659,7080.31,-78.14946456426878
2021-03-03 13:00:00,7278.423427931559,7143.562262518356,7435.406594210633,7097.89,-180.53342793155844
2021-03-03 13:30:00,7283.002999755796,7139.010593154228,7424.213800740066,7002.55,-280.45299975579564
2021-03-03 14:00:00,7134.270068917499,7005.79534091969,7288.912771510965,6958.34,-175.93006891749883
2021-03-03 14:30:00,7126.141697767007,6978.367724096529,7270.760053910627,7023.09,-103.05169776700677
2021-03-03 15:00:00,7276.992630923814,7134.0882120386805,7422.225185523674,7193.6,-83.39263092381407
2021-03-03 15:30:00,7535.0692093969665,7400.805334671317,7672.5886430298315,7339.92,-195.1492093969664
2021-03-03 16:00:00,7688.38630950122,7549.38390907123,7825.521475622168,7592.09,-96.2963095012201
2021-03-03 16:30:00,7994.532082786148,7849.325234605137,8130.2651582708,7943.02,-51.5120827861474
2021-03-03 17:00:00,8393.535169222972,8254.072438152572,8539.87766248792,8129.71,-263.82516922297236
2021-03-03 17:30:00,8470.651385943404,8335.82457117617,8606.250956457607,8131.81,-338.8413859434031
2021-03-03 18:00:00,8319.683209357792,8174.895022050245,8452.828700467775,8244.87,-74.8132093577915
2021-03-03 18:30:00,8437.747510125662,8303.73411686985,8582.004558910163,8201.04,-236.70751012566143
2021-03-03 19:00:00,8284.213429940448,8146.196720132101,8425.714216429062,8154.52,-129.69342994044746
2021-03-03 19:30:00,8193.964778958725,8059.0716106956415,8334.849961586719,8148.41,-45.554778958725365
2021-03-03 20:00:00,8194.356379732584,8055.897994935823,8327.596884833603,8009.5,-184.85637973258417
2021-03-03 20:30:00,7985.002637783071,7842.218174950513,8126.238350750908,7738.15,-246.85263778307126
2021-03-03 21:00:00,7641.180334345574,7498.434777872105,7776.4443853597995,7567.48,-73.70033434557445
2021-03-03 21:30:00,7535.909030698267,7394.734537880832,7673.757715759419,7478.65,-57.25903069826745
2021-03-03 22:00:00,7524.146793704018,7384.8961520744,7669.31583631924,7308.01,-216.1367937040177
2021-03-03 22:30:00,7331.321136500654,7191.369277375862,7478.507366344542,7326.16,-5.161136500653811
2021-03-03 23:00:00,7447.255254221575,7307.804148769518,7588.1245797568,7248.16,-199.0952542215755
2021-03-03 23:30:00,7324.666087762457,7187.3007297043505,7455.716026591521,7096.47,-228.19608776245695
2021-03-04 00:00:00,7102.320231324086,6963.323002212207,7236.873234040989,7010.79,-91.53023132408634
2021-03-04 00:30:00,7020.404287194092,6888.378114779065,7161.254483031465,6831.85,-188.55428719409156
2021-03-04 01:00:00,6775.864566513561,6645.127347578335,6913.731578807494,6641.11,-134.75456651356126
2021-03-04 01:30:00,6558.003767430964,6419.6877453619245,6701.211620741301,6368.14,-189.8637674309639
2021-03-04 02:00:00,6244.129214384144,6108.952122498685,6379.720571833963,6174.93,-69.19921438414349
2021-03-04 02:30:00,6110.523348200442,5977.916763441332,6250.63821722894,6052.78,-57.7433482004426
2021-03-04 03:00:00,6073.415521181501,5935.127000034286,6215.16521096565,6024.68,-48.7355211815011
2021-03-04 03:30:00,6151.347163454872,6023.084121579783,6304.672407412208,6053.69,-97.65716345487272
2021-03-04 04:00:00,6269.89253339901,6125.954846310022,6400.369801306815,6095.54,-174.3525333990101
2021-03-04 04:30:00,6367.47967527213,6225.6977069470295,6509.6590534486995,6340.1,-27.379675272130044
2021-03-04 05:00:00,6751.342060308373,6608.941103857652,6894.924151503198,6519.71,-231.63206030837318
2021-03-04 05:30:00,6925.081617750394,6788.597459004801,7057.439697014388,6990.17,65.08838224960618
2021-03-04 06:00:00,7535.198958738974,7394.433193980984,7676.415539259378,7438.72,-96.47895873897414
2021-03-04 06:30:00,7966.150647252105,7828.862889055983,8104.150905121217,7720.04,-246.11064725210508
2021-03-04 07:00:00,8108.403240412901,7976.730670021497,8240.198670872893,7822.11,-286.29324041290147
2021-03-04 07:30:00,8052.225241936329,7913.987563556024,8194.152408604528,7683.26,-368.9652419363292
2021-03-04 08:00:00,7731.605043162798,7591.913707547573,7879.673730104072,7428.18,-303.4250431627979
2021-03-04 08:30:00,7372.604214425219,7240.262410926672,7520.093013494875,7303.04,-69.56421442521878
2021-03-04 09:00:00,7303.781877638426,7172.401874977524,7441.520721551545,7108.77,-195.01187763842518
2021-03-04 09:30:00,7092.09653540008,6958.289818753573,7235.947169228412,6940.05,-152.04653540007985
2021-03-04 10:00:00,6945.4505068098,6804.541648003433,7089.01547241458,6824.84,-120.61050680979952
2021-03-04 10:30:00,6880.1614500191135,6738.064394660734,7013.598224686216,6649.89,-230.27145001911322
2021-03-04 11:00:00,6696.598863602652,6563.86344219363,6833.7918406134795,6591.7,-104.89886360265245
2021-03-04 11:30:00,6712.722214118843,6577.737418243854,6842.197691457136,6532.98,-179.74221411884355
2021-03-04 12:00:00,6676.856260843475,6542.639231079348,6817.096223340718,6514.09,-162.7662608434748
2021-03-04 12:30:00,6687.416275371155,6548.1963668108965,6815.695327879453,6597.36,-90.0562753711556
2021-03-04 13:00:00,6836.412305851422,6698.579791074875,6974.1383072672925,6659.57,-176.84230585142268
2021-03-04 13:30:00,6902.810228325592,6765.888193398495,7038.443460317121,6739.95,-162.8602283255923
2021-03-04 14:00:00,7000.095068353379,6867.149543547671,7143.9330499454945,6825.77,-174.3250683533788
2021-03-04 14:30:00,7104.517003363667,6965.180128056657,7235.552158536574,6985.34,-119.1770033636667
2021-03-04 15:00:00,7322.081446035755,7190.40245228746,7463.361808285522,7273.84,-48.24144603575496
2021-03-04 15:30:00,7701.33264813079,7574.369562589993,7847.04344083745,7524.78,-176.55264813079066
2021-03-04 16:00:00,7947.207658538857,7806.44494774396,8085.620033023154,7926.54,-20.667658538856813
2021-03-04 16:30:00,8419.781726381072,8279.548691422486,8550.575150010818,8206.88,-212.90172638107288
2021-03-04 17:00:00,8628.133045665814,8496.923208361924,8767.446879689433,8581.2,-46.93304566581355
2021-03-04 17:30:00,9008.093360085995,8864.367891790336,9144.145880030641,8759.28,-248.81336008599465
2021-03-04 18:00:00,9046.538963163335,8905.19316720197,9182.352470126449,8953.9,-92.63896316333557
2021-03-04 18:30:00,9185.912537560109,9051.928896156147,9333.911100979616,8851.2,-334.7125375601081
2021-03-04 19:00:00,8883.673259003488,8745.0107578497,9018.525277045035,8791.81,-91.86325900348857
2021-03-04 19:30:00,8791.867022418513,8640.82871773221,8928.761414428876,8685.0,-106.86702241851344
2021-03-04 20:00:00,8650.019476427065,8509.088850574242,8782.074938401005,8507.28,-142.7394764270648
2021-03-04 20:30:00,8429.829769731465,8305.140168899276,8566.359778999276,8212.91,-216.91976973146484
2021-03-04 21:00:00,8079.391583249171,7931.279844458284,8221.105475343038,7876.71,-202.68158324917113
2021-03-04 21:30:00,7733.048905690253,7592.973144375536,7881.979225738323,7731.97,-1.0789056902531229
2021-03-04 22:00:00,7715.130455243839,7574.036193590951,7851.088172977832,7613.25,-101.8804552438387
2021-03-04 22:30:00,7645.637783371956,7512.104641663345,7774.849793808455,7559.15,-86.48778337195654
2021-03-04 23:00:00,7633.06404800363,7492.257345742316,7765.458295171515,7355.08,-277.98404800363005
2021-03-04 23:30:00,7344.41944078341,7206.384530803093,7485.608713053259,7198.04,-146.37944078341025
2021-03-05 00:00:00,7182.208551520613,7044.054450863023,7335.217130005371,7105.3,-76.90855152061249
2021-03-05 00:30:00,7106.099267227629,6971.07289810841,7235.103403609884,6932.96,-173.1392672276288
2021-03-05 01:00:00,6875.982517325387,6732.904369678893,7010.312460130898,6754.76,-121.22251732538643
2021-03-05 01:30:00,6674.121243481615,6534.090605688871,6820.9809338214,6462.96,-211.1612434816152
2021-03-05 02:00:00,6324.675062880755,6183.971327044038,6463.978079241669,6234.41,-90.26506288075507
2021-03-05 02:30:00,6144.39029213238,6000.3656934544415,6291.991827072515,6119.14,-25.2502921323794
2021-03-05 03:00:00,6136.469638624795,6011.752481990593,6264.209631965235,6086.6,-49.86963862479479
2021-03-05 03:30:00,6207.749110634232,6064.616837784619,6349.444284920849,6158.5,-49.24911063423224
2021-03-05 04:00:00,6392.626802855439,6258.416608761251,6525.581143265045,6218.94,-173.68680285543905
2021-03-05 04:30:00,6499.281140092629,6367.798559181633,6646.9591899608995,6381.92,-117.36114009262928
2021-03-05 05:00:00,6745.469268416787,6604.648022675186,6897.852983517222,6573.47,-171.99926841678644
2021-03-05 05:30:00,6972.348951487744,6844.807968695912,7123.5172633402935,7114.46,142.11104851225627
2021-03-05 06:00:00,7692.157183729134,7555.556109130571,7841.149679660242,7467.89,-224.26718372913365
2021-03-05 06:30:00,7943.46953153836,7804.695245322928,8090.540189400869,7724.6,-218.8695315383593
2021-03-05 07:00:00,8086.435046621798,7943.695018893182,8223.99086705439,7859.24,-227.1950466217986
2021-03-05 07:30:00,8103.39825661323,7964.44975718606,8239.954773563237,7751.32,-352.0782566132302
2021-03-05 08:00:00,7817.996637596938,7687.335406333715,7959.548588599181,7550.68,-267.31663759693765
2021-03-05 08:30:00,7524.649323581855,7388.527276551004,7656.290357720047,7448.48,-76.16932358185568
2021-03-05 09:00:00,7461.214202715484,7324.025976653987,7606.182958664183,7303.54,-157.67420271548417
2021-03-05 09:30:00,7307.492182199219,7169.451091224576,7438.95797669614,7138.87,-168.62218219921942
2021-03-05 10:00:00,7138.22613417415,6996.316345327676,7276.284710840771,7153.42,15.19386582585048
2021-03-05 10:30:00,7264.383651450831,7113.4798505372355,7403.189868600021,7145.26,-119.12365145083095
2021-03-05 11:00:00,7273.0700998943785,7132.840501327119,7415.730426248218,7066.78,-206.29009989437873
2021-03-05 11:30:00,7164.803783886683,7020.944356445155,7294.030923582163,6941.31,-223.49378388668265
2021-03-05 12:00:00,7016.77119288927,6884.555265263711,7149.389545577559,6737.74,-279.03119288927064
2021-03-05 12:30:00,6775.738056544798,6637.63135055808,6931.109677766814,6615.47,-160.26805654479813
2021-03-05 13:00:00,6702.022382025743,6560.633285596649,6839.141884040512,6596.36,-105.66238202574368
2021-03-05 13:30:00,6759.806092709159,6620.9447890342935,6904.380388687782,6621.87,-137.9360927091593
2021-03-05 14:00:00,6834.440057787631,6696.094284920952,6984.938385405997,6672.77,-161.67005778763087
2021-03-05 14:30:00,6919.17410256259,6782.851775502292,7054.457136452404,6822.19,-96.98410256259012
2021-03-05 15:00:00,7141.780889667295,7001.289624605595,7286.507784964743,7062.57,-79.2108896672953
2021-03-05 15:30:00,7455.249850001083,7307.16855238347,7590.146790761151,7278.3,-176.94985000108318
2021-03-05 16:00:00,7672.370787280274,7530.907422261363,7807.529971624929,7526.55,-145.8207872802741
2021-03-05 16:30:00,7931.463684248693,7789.025836903203,8065.553958163604,7720.58,-210.8836842486935
2021-03-05 17:00:00,8083.424702267113,7956.896382308943,8222.456028573297,7982.1,-101.32470226711303
2021-03-05 17:30:00,8348.113034378071,8211.814650247035,8476.145133989517,8029.68,-318.43303437807117
2021-03-05 18:00:00,8249.284965351919,8101.239689654487,8379.4430845788,8142.32,-106.96496535191909
2021-03-05 18:30:00,8336.913864223203,8197.960231989075,8484.544184812998,8067.48,-269.4338642232033
2021-03-05 19:00:00,8130.597603309464,7990.836393201266,8267.22807732977,8077.17,-53.42760330946385
2021-03-05 19:30:00,8140.68471552381,8003.28716599903,8294.308623041155,7946.95,-193.73471552381034
2021-03-05 20:00:00,7927.584262189831,7782.940708673635,8074.904620086206,7851.11,-76.47426218983128
2021-03-05 20:30:00,7835.94350397955,7698.89393492665,7971.6384252534335,7654.96,-180.98350397954982
2021-03-05 21:00:00,7600.566814170351,7464.27427958195,7741.515379915001,7481.96,-118.60681417035084
2021-03-05 21:30:00,7450.515137330361,7298.061001780442,7591.218574547224,7431.72,-18.795137330360376
2021-03-05 22:00:00,7489.30770098096,7354.62092769864,7627.820196019481,7366.77,-122.53770098095993
2021-03-05 22:30:00,7440.080380555521,7309.5311661666865,7580.675898110381,7343.19,-96.890380555521
2021-03-05 23:00:00,7437.568812967378,7311.70932775159,7575.159670912706,7231.9,-205.66881296737847
2021-03-05 23:30:00,7271.298234006501,7126.472717107438,7407.4658271827675,7135.12,-136.17823400650104
2021-03-06 00:00:00,7153.728086577353,7022.530756823813,7286.444274715277,7038.97,-114.75808657735251
2021-03-06 00:30:00,7034.534541778393,6894.808996312331,7182.705859246733,6882.37,-152.16454177839296
2021-03-06 01:00:00,6821.919110266517,6684.648666596157,6963.047322404408,6635.04,-186.87911026651727
2021-03-06 01:30:00,6507.4566385822,6359.156275389571,6649.23671942763,6410.16,-97.2966385822001
2021-03-06 02:00:00,6290.679704800187,6150.0621867081245,6430.630209111914,6163.17,-127.50970480018714
2021-03-06 02:30:00,6056.749970777837,5925.454639258628,6196.132499788233,6089.11,32.360029222162666
2021-03-06 03:00:00,6112.688463639102,5973.661112411569,6251.374858294122,5976.71,-135.9784636391023
2021-03-06 03:30:00,6043.620754777122,5909.7644945751945,6176.6215415897495,5944.09,-99.53075477712173
2021-03-06 04:00:00,6100.833858166257,5964.1673982034135,6246.580441497773,5967.51,-133.3238581662572
2021-03-06 04:30:00,6207.779872214211,6062.696631806714,6349.215466643299,6046.85,-160.92987221421026
2021-03-06 05:00:00,6354.714643898717,6213.764494347679,6488.564062033064,6155.92,-198.79464389871737
2021-03-06 05:30:00,6499.041451916094,6359.864703950933,6636.190376187807,6329.38,-169.66145191609394
2021-03-06 06:00:00,6704.239093856953,6559.446242687444,6848.196740515516,6493.98,-210.25909385695377
2021-03-06 06:30:00,6845.997916771184,6704.2158326187955,6985.800733562848,6661.97,-184.0279167711833
2021-03-06 07:00:00,6978.651958836739,6839.14460659742,7113.64827139968,6856.13,-122.52195883673903
2021-03-06 07:30:00,7146.265350177196,7006.234620594893,7295.764122625069,6982.94,-163.32535017719601
2021-03-06 08:00:00,7200.032435119018,7058.733309289106,7339.727277093499,6945.45,-254.58243511901856
2021-03-06 08:30:00,7038.0520044478635,6904.71167661807,7186.750455940261,6834.15,-203.90200444786387
2021-03-06 09:00:00,6858.460347642838,6723.436044920681,6995.624285324683,6617.99,-240.47034764283853
2021-03-06 09:30:00,6581.14008348473,6448.989694590383,6727.460503000367,6405.27,-175.87008348472955
2021-03-06 10:00:00,6374.438619613865,6235.20514338526,6517.062368414007,6236.09,-138.34861961386468
2021-03-06 10:30:00,6249.711842625582,6115.0913138408105,6390.015847243097,6209.5,-40.211842625581994
2021-03-06 11:00:00,6321.509086811543,6188.203200154939,6460.341452113831,6273.68,-47.829086811542766
2021-03-06 11:30:00,6459.40285041864,6309.662427780909,6599.982052359884,6232.85,-226.55285041863954
2021-03-06 12:00:00,6376.276200795743,6245.132366665796,6519.957781120032,6149.75,-226.52620079574262
2021-03-06 12:30:00,6264.956120764447,6126.435960170563,6393.448157151021,6018.13,-246.8261207644473
2021-03-06 13:00:00,6111.777838247777,5981.451026052171,6244.70198365176,5934.48,-177.2978382477777
2021-03-06 13:30:00,6061.105849737549,5924.692767599678,6199.521810372084,5912.13,-148.97584973754874
2021-03-06 14:00:00,6092.981577258941,5945.923205373491,6229.233237804404,5955.61,-137.37157725894122
2021-03-06 14:30:00,6195.076776441096,6052.137568805758,6339.4775200522145,6024.59,-170.48677644109557
2021-03-06 15:00:00,6304.6365274929385,6173.459725545682,6446.812541803172,6207.27,-97.36652749293808
2021-03-06 15:30:00,6567.361110013826,6425.661508092241,6717.906657864298,6341.67,-225.6911100138259
2021-03-06 16:00:00,6695.645043978236,6565.532876334049,6828.034232495748,6563.07,-132.57504397823595
2021-03-06 16:30:00,6958.716840054542,6818.505150437349,7096.820751975226,6840.96,-117.75684005454241
2021-03-06 17:00:00,7260.011635455996,7111.059352332232,7402.269843885818,7254.33,-5.681635455996002
2021-03-06 17:30:00,7720.631024751949,7581.218727965607,7855.628929752058,7444.75,-275.88102475194864
2021-03-06 18:00:00,7759.703973111044,7618.283882383985,7891.209397485153,7565.19,-194.51397311104483
2021-03-06 18:30:00,7775.2920416078005,7640.46981047292,7915.753993939576,7653.51,-121.78204160780024
2021-03-06 19:00:00,7799.372380573715,7661.714796307484,7936.936151484162,7662.6,-136.77238057371505
2021-03-06 19:30:00,7730.912880115716,7597.545838665425,7868.029480654656,7622.68,-108.23288011571549
2021-03-06 20:00:00,7638.784941289494,7502.92671755265,7787.891681174493,7424.83,-213.95494128949395
2021-03-06 20:30:00,7348.2144007519355,7211.028581980571,7490.8550611464725,7204.99,-143.22440075193572
2021-03-06 21:00:00,7114.55561775471,6981.347402717107,7249.694631635284,7093.83,-20.725617754709674
2021-03-06 21:30:00,7081.1492069855785,6935.7947415609715,7217.096278372435,7029.64,-51.5092069855782
2021-03-06 22:00:00,7073.069194343511,6931.35676795195,7209.1569229834395,6944.5,-128.5691943435113
2021-03-06 22:30:00,6994.056598534521,6871.278457120934,7132.452158797645,6962.82,-31.236598534521363
2021-03-06 23:00:00,7067.427884971287,6927.400319827188,7201.150923886028,6863.18,-204.24788497128702
2021-03-06 23:30:00,6901.80405542293,6768.356776273017,7057.015651050909,6701.01,-200.7940554229299
2021-03-07 00:00:00,6673.8650210753185,6532.544947705027,6811.470920090215,6600.71,-73.15502107531847
2021-03-07 00:30:00,6578.002732651337,6438.22860774997,6719.107249135301,6466.06,-111.94273265133688
2021-03-07 01:00:00,6409.180070540999,6267.502661534466,6546.836788373048,6324.44,-84.74007054099911
2021-03-07 01:30:00,6246.385753339562,6114.286636119863,6384.8882155800575,6059.35,-187.03575333956178
2021-03-07 02:00:00,5916.5735582372745,5772.858050708971,6055.012835502329,5926.47,9.896441762725772
2021-03-07 02:30:00,5865.549938149292,5727.445924504316,6010.784533445476,5813.86,-51.689938149292175
2021-03-07 03:00:00,5813.623050004385,5683.801636172137,5966.75533513088,5782.95,-30.673050004385004
2021-03-07 03:30:00,5875.872503607634,5733.540485136015,6023.945004245747,5739.67,-136.20250360763384
2021-03-07 04:00:00,5883.901892320155,5748.7723196261695,6019.3852790782175,5715.88,-168.02189232015462
2021-03-07 04:30:00,5916.569658950128,5791.1486320359645,6068.2741548422855,5780.68,-135.88965895012734
2021-03-07 05:00:00,6064.951110334128,5941.41069005497,6208.798025687316,5843.38,-221.5711103341282
2021-03-07 05:30:00,6150.084460281783,6006.4634049768465,6289.3075284651095,6007.16,-142.92446028178347
2021-03-07 06:00:00,6363.237764676602,6216.202372085732,6493.698895022391,6098.83,-264.4077646766018
2021-03-07 06:30:00,6404.113935819749,6260.650382850804,6539.7196299076295,6228.09,-176.02393581974866
2021-03-07 07:00:00,6514.546973220028,6367.7750879373025,6659.1645031855605,6317.82,-196.7269732200284
2021-03-07 07:30:00,6551.472666674481,6418.105730251988,6686.2960620969125,6355.67,-195.80266667448086
2021-03-07 08:00:00,6524.52578790853,6383.656351980418,6656.999610210699,6312.99,-211.53578790853044
2021-03-07 08:30:00,6411.200820702437,6276.148028834062,6564.852028708392,6263.45,-147.75082070243752
2021-03-07 09:00:00,6338.581472309261,6207.627823605477,6491.952708795029,6168.09,-170.49147230926064
2021-03-07 09:30:00,6219.299821760834,6083.845829937426,6367.811711463377,6056.09,-163.20982176083362
2021-03-07 10:00:00,6106.230505425467,5970.703539186503,6252.133564830045,6010.24,-95.99050542546684
2021-03-07 10:30:00,6110.595062957887,5964.121386617443,6243.059971750373,5984.3,-126.29506295788724
2021-03-07 11:00:00,6117.4365034849825,5981.075200443783,6254.9113168689255,5995.24,-122.19650348498271
2021-03-07 11:30:00,6160.177022275127,6019.75742601306,6297.978588760454,5892.92,-267.2570222751265
2021-03-07 12:00:00,6009.293025095329,5870.319302062693,6158.677623070207,5853.48,-155.81302509532907
2021-03-07 12:30:00,6002.00349197626,5862.245212191035,6134.40085750429,5834.21,-167.79349197626016
2021-03-07 13:00:00,6007.067371145743,5865.500461246027,6151.558135584014,5816.81,-190.25737114574258
2021-03-07 13:30:00,6001.874473244792,5872.214799952372,6131.818003216592,5862.88,-138.99447324479206
2021-03-07 14:00:00,6096.191789786124,5946.870388535479,6233.468894560268,5882.1,-214.09178978612363
2021-03-07 14:30:00,6124.560824033885,5980.471917771988,6256.141029851462,6035.51,-89.05082403388496
2021-03-07 15:00:00,6366.716639394534,6226.6003033057195,6520.409684628333,6231.55,-135.16663939453338
2021-03-07 15:30:00,6614.930895441466,6488.0155859831875,6755.214104233935,6526.17,-88.76089544146635
2021-03-07 16:00:00,6974.147877365627,6840.325893334611,7102.926844537158,6867.74,-106.40787736562743
2021-03-07 16:30:00,7345.923355262224,7211.920933681202,7484.544923621383,7244.54,-101.38335526222363
2021-03-07 17:00:00,7725.7608236551505,7586.511047043932,7868.652320692374,7742.57,16.80917634484922
2021-03-07 17:30:00,8257.6235746719,8114.440691888935,8400.391408441117,8079.49,-178.13357467189962
2021-03-07 18:00:00,8471.54379863432,8337.925821001121,8617.430357767342,8078.4,-393.1437986343208
2021-03-07 18:30:00,8224.051941322385,8086.971578270772,8363.27056755399,8042.57,-181.48194132238496
2021-03-07 19:00:00,8099.897923848729,7962.157443284244,8229.105052909503,8046.3,-53.5979238487289
2021-03-07 19:30:00,8096.519092442363,7959.599217983531,8239.726786455614,8042.14,-54.37909244236289
2021-03-07 20:00:00,8076.613236579543,7933.5811360305715,8208.328835972872,7843.09,-233.52323657954275
2021-03-07 20:30:00,7769.727466332213,7626.503737013622,7913.638496005082,7617.61,-152.11746633221355
2021-03-07 21:00:00,7525.328313714944,7389.0543484699065,7662.600579129836,7388.49,-136.83831371494398
2021-03-07 21:30:00,7315.830387693506,7173.050147907563,7459.265403754232,7294.02,-21.810387693505618
2021-03-07 22:00:00,7317.792383834664,7173.928740455137,7456.722146192671,7144.78,-173.01238383466443
2021-03-07 22:30:00,7168.043563483887,7022.494627427304,7307.745732065358,7036.0,-132.04356348388683
2021-03-07 23:00:00,7080.973567433037,6946.618260003458,7216.732512675523,6883.8,-197.17356743303662
2021-03-07 23:30:00,6902.456096383411,6746.911808803627,7035.543096296719,6739.56,-162.89609638341062
2021-03-08 00:00:00,6741.425722140915,6604.336312143294,6876.94498260681,6660.81,-80.61572214091484
2021-03-08 00:30:00,6675.635546585961,6542.471516504404,6813.171327905036,6505.37,-170.2655465859607
2021-03-08 01:00:00,6462.63776180978,6320.545477901741,6597.664536929146,6373.08,-89.55776180978046
2021-03-08 01:30:00,6323.290936114223,6184.988575264586,6462.421947419472,6147.85,-175.4409361142225
2021-03-08 02:00:00,6052.777445657473,5918.6510646661945,6188.037052036486,6032.27,-20.507445657473
2021-03-08 02:30:00,6010.234981596103,5874.417293303693,6151.190252130736,5998.33,-11.904981596103426
2021-03-08 03:00:00,6068.198761774674,5931.653334021391,6203.066092928805,5995.42,-72.77876177467351
2021-03-08 03:30:00,6135.371837457448,5997.44787018722,6286.640081257156,5990.42,-144.95183745744816
2021-03-08 04:00:00,6180.22400779983,6031.028640402086,6314.487627929526,6049.57,-130.65400779983065
2021-03-08 04:30:00,6317.686864754923,6189.431435089602,6447.231007081636,6267.22,-50.466864754922426
2021-03-08 05:00:00,6658.521426689562,6525.15039176739,6796.001532918188,6470.06,-188.46142668956145
2021-03-08 05:30:00,6879.513227116321,6751.414834401397,7022.988279149821,6983.95,104.43677288367871
2021-03-08 06:00:00,7547.754747034066,7412.157261392713,7683.800206857041,7340.95,-206.80474703406617
2021-03-08 06:30:00,7815.849269041132,7679.851505094215,7943.141502747222,7645.54,-170.3092690411322
2021-03-08 07:00:00,8032.020882870182,7889.936860888691,8173.64072103864,7957.37,-74.6508828701817
2021-03-08 07:30:00,8297.083060100878,8157.549334861849,8441.90809456478,7906.19,-390.89306010087876
2021-03-08 08:00:00,8009.494293229395,7862.193221090019,8143.651309442046,7865.15,-144.3442932293956
2021-03-08 08:30:00,7914.836850619454,7771.467211577133,8042.778203356361,7821.13,-93.70685061945369
2021-03-08 09:00:00,7861.399729497731,7718.145261160657,7998.11534829746,7733.37,-128.02972949773084
2021-03-08 09:30:00,7752.714983617045,7625.648438479141,7889.090156722169,7645.68,-107.03498361704442
2021-03-08 10:00:00,7671.402137989056,7536.529854113825,7817.795647772627,7656.06,-15.342137989056027
2021-03-08 10:30:00,7752.308894821181,7607.231775026518,7895.214323612152,7485.58,-266.7288948211808
2021-03-08 11:00:00,7508.8856014662315,7359.395042463317,7650.719295365288,7547.66,38.77439853376836
2021-03-08 11:30:00,7693.57652258587,7551.692087942263,7826.092916068384,7634.32,-59.2565225858707
2021-03-08 12:00:00,7824.189997472567,7690.032881176011,7966.705495705149,7799.48,-24.70999747256701
2021-03-08 12:30:00,8035.322355404587,7899.327225997033,8174.90616341388,8112.34,77.017644595413
2021-03-08 13:00:00,8432.532173786667,8290.262815904623,8573.96208158404,8448.11,15.577826213333537
2021-03-08 13:30:00,8788.435268651167,8647.941496180498,8928.902910015426,8959.61,171.17473134883403
2021-03-08 14:00:00,9392.268754515788,9249.065079255188,9523.198622242302,8935.9,-456.36875451578817
2021-03-08 14:30:00,9097.355976571846,8948.887728761958,9239.520093765377,8774.77,-322.5859765718451
2021-03-08 15:00:00,8825.976394925516,8690.206328911832,8968.749596123898,8837.37,11.393605074485095
2021-03-08 15:30:00,9020.707258956141,8879.175747646581,9156.34861720294,8883.32,-137.38725895614152
2021-03-08 16:00:00,9094.391714117879,8952.171330719018,9223.163687463782,9043.62,-50.77171411787822
2021-03-08 16:30:00,9315.106475673576,9174.11281602258,9457.812102107226,8945.63,-369.4764756735767
2021-03-08 17:00:00,9081.417822843146,8949.5128722969,9212.413530093756,8913.51,-167.90782284314628
2021-03-08 17:30:00,9044.75941600101,8904.029676982042,9187.594085146291,8858.38,-186.37941600101112
2021-03-08 18:00:00,8959.290648952863,8816.608267793792,9103.196055113589,8866.27,-93.02064895286276
2021-03-08 18:30:00,8968.551721916108,8825.245881874187,9112.849061353565,8773.59,-194.96172191610822
2021-03-08 19:00:00,8796.01603189411,8655.370408069433,8930.58730808106,8787.73,-8.286031894111147
2021-03-08 19:30:00,8832.95807204283,8699.967710713137,8973.821355084792,8654.49,-178.4680720428296
2021-03-08 20:00:00,8615.323799955013,8472.263258160385,8754.496769750713,8408.49,-206.8337999550131
2021-03-08 20:30:00,8293.411125488632,8149.372276547753,8439.071904322836,8180.41,-113.00112548863217
2021-03-08 21:00:00,8081.255737002742,7938.073580183466,8224.458762650595,7915.63,-165.62573700274152
2021-03-08 21:30:00,7820.995987509422,7686.767910265665,7960.430404808446,7799.97,-21.02598750942161
2021-03-08 22:00:00,7806.2290294955565,7656.170569977803,7938.056709354682,7623.65,-182.57902949555682
2021-03-08 22:30:00,7628.2293561413235,7502.919004461779,7769.811868177902,7544.0,-84.22935614132348
2021-03-08 23:00:00,7600.52531303972,7463.605382741542,7741.980224668034,7442.75,-157.77531303971955
2021-03-08 23:30:00,7489.709166247259,7344.487124995848,7627.689150319599,7273.09,-216.61916624725927
2021-03-09 00:00:00,7261.266778694136,7116.109945529186,7405.480870545466,7149.11,-112.15677869413594
2021-03-09 00:30:00,7132.931537972874,6994.307296488757,7279.4937695299,6996.52,-136.4115379728737
2021-03-09 01:00:00,6947.717254908647,6816.53912104819,7083.255320137533,6769.36,-178.35725490864752
2021-03-09 01:30:00,6667.42268177848,6523.575805678993,6803.270982110309,6501.39,-166.03268177847985
2021-03-09 02:00:00,6376.433633180068,6225.448490391302,6517.395319985001,6331.33,-45.103633180067845
2021-03-09 02:30:00,6279.848822687848,6143.24293609445,6422.573605534188,6215.01,-64.83882268784782
2021-03-09 03:00:00,6239.868448690072,6092.999133224393,6378.021936174644,6167.11,-72.75844869007233
2021-03-09 03:30:00,6281.3899211168755,6136.120600018173,6414.4890577355745,6116.67,-164.7199211168754
2021-03-09 04:00:00,6286.356939953484,6152.885113117687,6420.026352762422,6177.76,-108.59693995348334
2021-03-09 04:30:00,6452.700718495304,6315.383541104596,6596.434183530735,6409.94,-42.76071849530399
2021-03-09 05:00:00,6817.842952685368,6678.199542325726,6959.868312105052,6590.4,-227.44295268536825
2021-03-09 05:30:00,6994.95278795115,6860.990980877768,7133.045120705717,7011.87,16.91721204885016
2021-03-09 06:00:00,7528.2298587757305,7385.911779193314,7660.440548066045,7416.97,-111.25985877573021
2021-03-09 06:30:00,7916.228006789402,7777.452199600608,8052.286601080865,7809.11,-107.11800678940199
2021-03-09 07:00:00,8254.181940721921,8113.845109342565,8399.026407399724,7926.87,-327.311940721921
2021-03-09 07:30:00,8176.979831213844,8044.94090990427,8314.780244688629,7865.61,-311.369831213844
2021-03-09 08:00:00,7955.346630989668,7811.061196594132,8095.426466648928,7713.44,-241.90663098966797
2021-03-09 08:30:00,7715.727946896486,7577.93936666786,7851.455228398553,7710.45,-5.277946896486355
2021-03-09 09:00:00,7778.31942310204,7633.5567727297675,7920.045440817619,7527.02,-251.29942310203933
2021-03-09 09:30:00,7514.322872621147,7374.520137704017,7655.095812691946,7398.95,-115.37287262114751
2021-03-09 10:00:00,7410.318692623956,7270.361576356772,7546.388196798124,7301.08,-109.23869262395601
2021-03-09 10:30:00,7350.434535309938,7210.41969285122,7477.690498930433,7284.74,-65.69453530993815
2021-03-09 11:00:00,7396.523320723083,7257.856378475863,7546.69588323867,7288.37,-108.1533207230832
2021-03-09 11:30:00,7427.921614183461,7286.646679581672,7566.768852457925,7364.16,-63.76161418346146
2021-03-09 12:00:00,7550.104699347413,7411.893316432458,7679.928436079384,7598.12,48.01530065258703
2021-03-09 12:30:00,7876.43780005949,7739.505454177152,8010.436019397766,7606.9,-269.5378000594901
2021-03-09 13:00:00,7775.433109787226,7636.641315629794,7916.88775176376,7723.48,-51.95310978722682
2021-03-09 13:30:00,7931.951219781193,7790.291074235725,8065.119238094234,7793.09,-138.86121978119263
2021-03-09 14:00:00,7995.6374957272055,7850.976696544413,8136.909723771508,7998.16,2.522504272794322
2021-03-09 14:30:00,8282.142204818994,8134.572024591521,8413.461149169818,8161.14,-121.00220481899396
2021-03-09 15:00:00,8446.852475957945,8316.566490434354,8589.752118995495,8439.06,-7.7924759579454985
2021-03-09 15:30:00,8793.587606978028,8657.692912233326,8926.580059027805,8599.15,-194.43760697802827
2021-03-09 16:00:00,8906.506992087352,8756.599721683744,9040.813012093817,8811.84,-94.6669920873519
2021-03-09 16:30:00,9134.257342894954,8992.326526088502,9262.153455906977,8914.52,-219.73734289495405
2021-03-09 17:00:00,9169.43886744465,9036.445747839245,9312.087699118405,9206.19,36.75113255534961
2021-03-09 17:30:00,9527.13046601649,9383.103984080588,9659.15736055286,9106.55,-420.5804660164904
2021-03-09 18:00:00,9198.869991439098,9064.344403174086,9348.39675662468,9089.7,-109.16999143909743
2021-03-09 18:30:00,9154.247291962502,9012.2031219936,9293.512986768937,8921.44,-232.80729196250104
2021-03-09 19:00:00,8882.250973007422,8750.054393309536,9019.787046826646,8833.73,-48.52097300742207
2021-03-09 19:30:00,8801.573276168878,8668.736974775811,8942.328920328082,8670.9,-130.67327616887815
2021-03-09 20:00:00,8594.958603275503,8460.54160941048,8731.85309185949,8438.67,-156.2886032755032
2021-03-09 20:30:00,8321.066188083065,8186.806202272843,8458.377962621213,8234.32,-86.74618808306514
2021-03-09 21:00:00,8141.157493837198,7987.655905264289,8285.607460306535,7963.61,-177.5474938371981
2021-03-09 21:30:00,7860.219520020146,7722.062332369454,8003.808188850746,7894.82,34.600479979853844
2021-03-09 22:00:00,7918.472062726996,7775.685146365177,8049.362338697742,7708.14,-210.3320627269959
2021-03-09 22:30:00,7702.9614893591515,7562.60891780999,7840.381790440369,7618.84,-84.12148935915138
2021-03-09 23:00:00,7659.988311314592,7520.257152509135,7805.4092251622815,7529.49,-130.49831131459177
2021-03-09 23:30:00,7572.153164612484,7438.15110436917,7707.807437040257,7291.08,-281.0731646124841
2021-03-10 00:00:00,7234.568312553818,7094.819643824094,7378.696052656849,7221.96,-12.608312553817996
2021-03-10 00:30:00,7221.08736959489,7080.063598658971,7354.4189599790325,6982.33,-238.7573695948904
2021-03-10 01:00:00,6885.154511061979,6752.812252659514,7023.260421041549,6756.24,-128.91451106197928
2021-03-10 01:30:00,6639.390474472493,6496.460005320728,6778.10167949787,6494.46,-144.9304744724932
2021-03-10 02:00:00,6366.075775294919,6231.468892985745,6514.772836635721,6317.77,-48.30577529491893
2021-03-10 02:30:00,6256.048286128132,6120.729335556893,6394.798334249289,6178.89,-77.1582861281313
2021-03-10 03:00:00,6184.212492599328,6051.460058967613,6319.315959229708,6134.12,-50.09249259932767
2021-03-10 03:30:00,6241.483836415689,6108.006987618902,6384.732093932301,6158.81,-82.67383641568904
2021-03-10 04:00:00,6362.846964970944,6224.1648030060405,6493.033621015689,6211.99,-150.85696497094432
2021-03-10 04:30:00,6481.038147313026,6346.6203552586885,6621.851664679845,6409.04,-71.99814731302558
2021-03-10 05:00:00,6788.3744716118545,6660.954862214993,6926.717315483361,6566.17,-222.2044716118544
2021-03-10 05:30:00,6947.591424446219,6818.036076188775,7084.901926701759,7056.38,108.7885755537809
2021-03-10 06:00:00,7602.896881307694,7459.284289351106,7739.282778831181,7468.13,-134.76688130769344
2021-03-10 06:30:00,7971.02511618923,7833.491176268999,8104.796156672461,7791.14,-179.88511618922985
2021-03-10 07:00:00,8191.740554567162,8055.491307938692,8328.698871379353,7994.81,-196.93055456716138
2021-03-10 07:30:00,8274.836819963506,8137.6554389006715,8421.341265702016,7967.35,-307.4868199635057
2021-03-10 08:00:00,8072.6110831642145,7940.096855962509,8215.946004698104,7965.64,-106.97108316421418
2021-03-10 08:30:00,8036.934890331616,7894.584598417615,8179.983856807488,7927.61,-109.32489033161619
2021-03-10 09:00:00,7969.527473129947,7832.924478984208,8108.337777717989,7911.35,-58.17747312994652
2021-03-10 09:30:00,7960.745699803827,7817.06879676982,8100.831504817845,7783.61,-177.13569980382726
2021-03-10 10:00:00,7782.908833984782,7636.7965590328695,7927.318038612271,7692.92,-89.9888339847821
2021-03-10 10:30:00,7716.344992633758,7577.820728564004,7857.223984273554,7620.78,-95.56499263375827
2021-03-10 11:00:00,7674.425010842872,7529.770722517924,7817.762025304643,7543.12,-131.30501084287243
2021-03-10 11:30:00,7609.117710851107,7473.4964276554065,7748.8319560775135,7478.99,-130.12771085110762
2021-03-10 12:00:00,7562.177840789573,7418.1298205066005,7698.223707475227,7509.53,-52.64784078957291
2021-03-10 12:30:00,7652.331751139424,7502.130103459046,7795.292515103474,7579.3,-73.03175113942416
2021-03-10 13:00:00,7755.845896126578,7621.3057416994,7879.584248835875,7590.98,-164.86589612657826
2021-03-10 13:30:00,7744.927245015244,7599.142476394054,7888.105099544189,7664.3,-80.62724501524372
2021-03-10 14:00:00,7856.97056578707,7718.133985890986,7990.1672328500645,7796.87,-60.10056578707008
2021-03-10 14:30:00,8041.365962105387,7905.57975424816,8189.054029241415,7841.75,-199.61596210538664
2021-03-10 15:00:00,8062.779772145476,7918.571256798806,8207.928764480313,8087.88,25.100227854523837
2021-03-10 15:30:00,8425.76045104915,8293.711846922608,8564.011059488854,8314.82,-110.94045104914949
2021-03-10 16:00:00,8668.222270649625,8528.0293374348,8804.672113101777,8567.98,-100.24227064962542
2021-03-10 16:30:00,8929.296136638555,8791.51309628475,9076.157523375217,8712.84,-216.4561366385551
2021-03-10 17:00:00,9002.911992846271,8850.095232896676,9141.481036640474,8841.21,-161.70199284627233
2021-03-10 17:30:00,9086.58975786362,8956.588022952366,9219.332356944267,8795.09,-291.4997578636194
2021-03-10 18:00:00,8912.299385472857,8770.116883777742,9049.797623041697,8782.34,-129.95938547285732
2021-03-10 18:30:00,8866.867612514769,8724.62003864883,8997.835890628126,8649.29,-217.57761251476768
2021-03-10 19:00:00,8641.538234862692,8510.5011597879,8777.868014868729,8589.68,-51.85823486269146
2021-03-10 19:30:00,8587.121949173286,8451.954840344863,8731.442426956077,8480.46,-106.66194917328721
2021-03-10 20:00:00,8444.94723127033,8306.99042855248,8579.788452289336,8269.43,-175.51723127032892
2021-03-10 20:30:00,8174.5457557614745,8027.947804811007,8314.155943277448,8047.16,-127.38575576147468
2021-03-10 21:00:00,7952.402361432443,7810.473695816526,8099.04050560744,7817.33,-135.07236143244336
2021-03-10 21:30:00,7741.599133388243,7595.401059070124,7874.98963314282,7732.69,-8.90913338824339
2021-03-10 22:00:00,7758.034693869103,7619.411670762184,7894.0110323897325,7642.24,-115.79469386910296
2021-03-10 22:30:00,7693.229931828355,7552.7731652294315,7829.4626385452275,7567.36,-125.86993182835522
2021-03-10 23:00:00,7628.983952916014,7486.379182926789,7760.143335371019,7461.71,-167.2739529160135
2021-03-10 23:30:00,7497.237369106238,7360.6881186027995,7642.812021358963,7333.09,-164.14736910623742
2021-03-11 00:00:00,7334.892522081976,7198.914290887926,7479.891359246893,7260.08,-74.81252208197566
2021-03-11 00:30:00,7265.8966422642325,7133.320641728296,7416.072855033809,7047.49,-218.4066422642327
2021-03-11 01:00:00,6961.308508978312,6828.261744056831,7102.664597355381,6824.6,-136.70850897831133
2021-03-11 01:30:00,6708.70254119809,6579.003286237868,6854.9399563069455,6539.74,-168.96254119809055
2021-03-11 02:00:00,6396.050916834155,6259.207697775278,6531.548552269278,6367.79,-28.26091683415507
2021-03-11 02:30:00,6303.7321689783075,6172.075480471412,6445.970409619036,6223.81,-79.92216897830713
2021-03-11 03:00:00,6224.258597359905,6070.547411045463,6361.325597020967,6179.06,-45.19859735990485
2021-03-11 03:30:00,6283.004888060539,6137.611312840309,6415.460216697328,6154.39,-128.61488806053876
2021-03-11 04:00:00,6328.510225264354,6195.851157764347,6459.1701413047385,6231.46,-97.05022526435368
2021-03-11 04:30:00,6506.779573606331,6370.975870036154,6646.201527676851,6459.3,-47.47957360633063
2021-03-11 05:00:00,6855.603518013552,6713.333620046153,6994.733164470295,6702.19,-153.41351801355268
2021-03-11 05:30:00,7129.664933674252,6990.431932500121,7271.766763689477,7162.31,32.6450663257483
2021-03-11 06:00:00,7694.802871528393,7558.358226141755,7831.611935498035,7617.01,-77.79287152839242
2021-03-11 06:30:00,8132.355284181584,7996.9748659823,8263.745808162696,7944.39,-187.96528418158323
2021-03-11 07:00:00,8342.742431636229,8201.631094732711,8465.675856220147,8164.82,-177.9224316362288
2021-03-11 07:30:00,8445.91850206939,8306.15273122083,8585.763316608773,8191.14,-254.7785020693891
2021-03-11 08:00:00,8317.755264633228,8183.248121387495,8451.012262912958,8227.24,-90.51526463322807
2021-03-11 08:30:00,8313.850779368078,8167.935127522057,8443.784556052138,8256.13,-57.72077936807909
2021-03-11 09:00:00,8325.79766110211,8181.9099903001415,8462.906534489644,8259.2,-66.59766110210876
2021-03-11 09:30:00,8311.206721283881,8170.605724292461,8461.761640754044,8153.78,-157.4267212838813
2021-03-11 10:00:00,8152.14242099912,8010.94013863959,8288.40433865475,8087.36,-64.7824209991204
2021-03-11 10:30:00,8110.290123068682,7971.408209724909,8258.308803034524,8106.11,-4.180123068682406
2021-03-11 11:00:00,8193.860282618702,8054.137841565532,8334.101854292783,8082.76,-111.10028261870139
2021-03-11 11:30:00,8166.942843759974,8032.05681007455,8295.87300224773,8017.67,-149.2728437599735
2021-03-11 12:00:00,8081.197314740797,7937.330014807917,8213.972015096244,8171.49,90.2926852592027
2021-03-11 12:30:00,8354.08124889954,8205.643839787355,8482.085018707705,8201.18,-152.9012488995395
2021-03-11 13:00:00,8339.793228614495,8204.539562533293,8477.535865957705,8134.22,-205.57322861449484
2021-03-11 13:30:00,8213.463563552134,8075.902274542945,8354.124285568867,8144.79,-68.6735635521336
2021-03-11 14:00:00,8269.812817616295,8134.3485034731975,8413.182590276088,8156.89,-112.9228176162951
2021-03-11 14:30:00,8308.869649045788,8177.293070852022,8454.797875259515,8214.98,-93.88964904578825
2021-03-11 15:00:00,8412.913584404681,8272.043000908398,8562.466293665768,8265.77,-147.14358440468095
2021-03-11 15:30:00,8483.461835278074,8353.400895240486,8623.030879084266,8287.67,-195.79183527807436
2021-03-11 16:00:00,8502.564151108692,8361.795165077787,8643.07264656046,8523.72,21.15584889130696
2021-03-11 16:30:00,8855.585573493183,8709.986939513217,8987.152097019933,8837.42,-18.16557349318282
2021-03-11 17:00:00,9218.854663874317,9083.04407184254,9359.988883089245,9088.55,-130.30466387431807
2021-03-11 17:30:00,9413.339942711289,9278.201395388327,9553.560568438075,9028.59,-384.7499427112889
2021-03-11 18:00:00,9141.688568583097,9012.452239012327,9270.9795079226,9048.94,-92.74856858309613
2021-03-11 18:30:00,9140.337972694751,9008.212653012606,9286.151233434999,8997.76,-142.57797269475122
2021-03-11 19:00:00,9025.191645452618,8886.706362687053,9164.882361515429,8928.75,-96.4416454526181
2021-03-11 19:30:00,8914.660427645385,8784.457006814526,9056.808906418706,8768.07,-146.59042764538572
2021-03-11 20:00:00,8690.270875751707,8543.2263717981,8827.466409110019,8558.39,-131.8808757517072
2021-03-11 20:30:00,8447.059912440238,8320.280095310269,8581.985484393215,8284.77,-162.28991244023746
2021-03-11 21:00:00,8150.111196284301,8014.9707445944005,8292.464136367129,8027.51,-122.60119628430039
2021-03-11 21:30:00,7919.876149863204,7785.593976132638,8061.322774730072,7877.46,-42.41614986320383
2021-03-11 22:00:00,7854.875076820996,7727.521376298947,8006.593953852409,7762.95,-91.92507682099586
2021-03-11 22:30:00,7786.604567095761,7659.618641211064,7925.491331196362,7745.09,-41.51456709576087
2021-03-11 23:00:00,7828.127803373953,7696.81958829381,7970.848735932724,7629.62,-198.5078033739528
2021-03-11 23:30:00,7658.858459123203,7523.274120621936,7801.979150862985,7466.78,-192.07845912320317
2021-03-12 00:00:00,7441.922077848282,7291.952995420974,7578.961676255733,7355.94,-85.98207784828264
2021-03-12 00:30:00,7331.898806207595,7197.667111489112,7477.184850698023,7156.78,-175.1188062075953
2021-03-12 01:00:00,7068.785201355702,6932.58971677476,7205.970421253586,6990.9,-77.88520135570252
2021-03-12 01:30:00,6900.745657007536,6753.075173521502,7036.662443709619,6687.28,-213.4656570075358
2021-03-12 02:00:00,6530.498776111313,6394.478432653191,6681.872023346914,6426.36,-104.13877611131375
2021-03-12 02:30:00,6304.803134502174,6166.28981004619,6441.798062613922,6290.6,-14.20313450217327
2021-03-12 03:00:00,6282.364197230262,6154.017123571436,6425.1917180724395,6278.24,-4.124197230262325
2021-03-12 03:30:00,6397.594952040617,6259.618556097523,6537.188209492284,6308.04,-89.55495204061663
2021-03-12 04:00:00,6510.911358158713,6361.453753893537,6655.0277435927555,6347.35,-163.5613581587122
2021-03-12 04:30:00,6602.701565874332,6468.118512773419,6734.409511187765,6594.0,-8.701565874332118
2021-03-12 05:00:00,6992.488742525421,6856.662068832515,7120.142509755986,6850.4,-142.08874252542137
2021-03-12 05:30:00,7282.669594884213,7142.803103251544,7415.469437051679,7247.56,-35.10959488421304
2021-03-12 06:00:00,7743.028976342971,7613.792507754655,7882.471624712084,7692.12,-50.90897634297107
2021-03-12 06:30:00,8192.490988696543,8058.335469805876,8329.818043248715,8056.76,-135.73098869654314
2021-03-12 07:00:00,8470.926653701496,8339.219557411358,8620.42311185351,8264.49,-206.43665370149574
2021-03-12 07:30:00,8536.771737354904,8408.264602264238,8676.52310489303,8354.71,-182.06173735490484
2021-03-12 08:00:00,8506.765743487334,8369.914928502028,8647.711730719662,8331.77,-174.99574348733404
2021-03-12 08:30:00,8384.008050129063,8244.18468944968,8527.118678358795,8303.37,-80.63805012906232
2021-03-12 09:00:00,8328.178850350052,8186.150259080924,8469.243673159086,8303.32,-24.858850350052307
2021-03-12 09:30:00,8340.765346437254,8197.746923867591,8475.260472722466,8235.04,-105.72534643725339
2021-03-12 10:00:00,8245.05134228985,8101.999436524845,8379.349183861064,8177.98,-67.07134228984978
2021-03-12 10:30:00,8200.926863996528,8060.793518563185,8339.717486318796,8118.82,-82.10686399652877
2021-03-12 11:00:00,8156.225653675961,8028.934180346205,8290.833292450548,8007.76,-148.46565367596122
2021-03-12 11:30:00,8029.891219126916,7892.269448290857,8173.002623382255,7975.21,-54.6812191269164
2021-03-12 12:00:00,8045.591081971877,7899.569327239042,8180.979958808777,7898.41,-147.18108197187757
2021-03-12 12:30:00,7959.229498193959,7811.656808480727,8101.445248166313,7916.46,-42.76949819395941
2021-03-12 13:00:00,8032.468778059259,7898.72798575423,8186.047736237844,7939.94,-92.52877805925982
2021-03-12 13:30:00,8076.397248313605,7947.241083069078,8215.521380187167,8011.66,-64.73724831360505
2021-03-12 14:00:00,8183.950626562285,8040.151213678933,8319.087313845977,8179.38,-4.570626562284815
2021-03-12 14:30:00,8423.004147715857,8287.046692093412,8563.82037922808,8267.56,-155.44414771585798
2021-03-12 15:00:00,8490.60466960892,8350.118773674285,8623.109869673182,8436.27,-54.334669608919285
2021-03-12 15:30:00,8709.962773616304,8569.2334074789,8856.243056412502,8541.07,-168.8927736163041
2021-03-12 16:00:00,8797.829824325969,8659.448222497589,8933.688113496426,8504.92,-292.90982432596866
2021-03-12 16:30:00,8681.568893491325,8545.396374422518,8823.953075830936,8667.79,-13.778893491324197
2021-03-12 17:00:00,8930.294557878773,8788.155044424655,9065.435991310464,8778.39,-151.90455787877363
2021-03-12 17:30:00,9010.824937020105,8874.952497476968,9151.362071186732,8740.03,-270.79493702010404
2021-03-12 18:00:00,8852.137535928607,8717.591782052707,8995.38462112461,8800.87,-51.26753592860587
2021-03-12 18:30:00,8915.872985964146,8769.839226773804,9056.635221406546,8732.51,-183.362985964146
2021-03-12 19:00:00,8753.270169855907,8607.469993191267,8885.535697249068,8659.92,-93.35016985590664
2021-03-12 19:30:00,8641.447158190722,8495.077678640708,8777.072523922841,8603.29,-38.15715819072102
2021-03-12 20:00:00,8579.038014996391,8443.04819441534,8719.320609456761,8427.34,-151.69801499639107
2021-03-12 20:30:00,8339.281490972891,8185.980361045967,8469.793858043158,8225.41,-113.87149097289148
2021-03-12 21:00:00,8124.468229347699,7983.4015365580135,8262.874542866806,8014.83,-109.63822934769905
2021-03-12 21:30:00,7928.29293022175,7782.255235221594,8062.297946702643,7984.1,55.80706977825048
2021-03-12 22:00:00,8014.567295156464,7884.072923303279,8164.487863650985,7883.96,-130.6072951564638
2021-03-12 22:30:00,7905.661107772159,7764.131870098261,8053.4709172379635,7812.76,-92.90110777215887
2021-03-12 23:00:00,7844.550449405072,7709.611425791349,7988.668963659058,7689.09,-155.4604494050718
2021-03-12 23:30:00,7686.051605369026,7544.6533753476615,7829.895264913339,7541.77,-144.28160536902578
2021-03-13 00:00:00,7501.103652650841,7363.3721248860475,7630.1696722642555,7384.5,-116.60365265084056
2021-03-13 00:30:00,7313.882467555461,7176.651447374828,7447.421130969847,7162.5,-151.3824675554606
2021-03-13 01:00:00,7035.221859881201,6897.39271622019,7167.520613838579,6881.53,-153.6918598812017
2021-03-13 01:30:00,6706.144093155949,6574.7432005836945,6852.8832534711755,6531.4,-174.74409315594949
2021-03-13 02:00:00,6320.2878099032905,6179.605208851646,6460.73678576148,6291.9,-28.387809903290872
2021-03-13 02:30:00,6161.189056917739,6024.204627288909,6294.47276654338,6196.89,35.70094308226089
2021-03-13 03:00:00,6195.502934210361,6059.534170191666,6332.037573502996,6141.64,-53.862934210360436
2021-03-13 03:30:00,6223.848889290095,6086.316743017466,6362.854199845405,6091.57,-132.27888929009532
2021-03-13 04:00:00,6229.575787758958,6098.3358690797,6359.752263739113,6139.0,-90.57578775895763
2021-03-13 04:30:00,6374.62033561815,6234.365700586335,6505.174781750008,6161.37,-213.25033561815053
2021-03-13 05:00:00,6424.05316800188,6274.501884719063,6555.43892030875,6267.15,-156.90316800188066
2021-03-13 05:30:00,6587.390176837211,6445.559770625214,6730.316078161733,6458.4,-128.99017683721104
2021-03-13 06:00:00,6826.628589040114,6680.270052206632,6968.795144759186,6656.94,-169.6885890401145
2021-03-13 06:30:00,7013.4073038412425,6872.977368458449,7144.420530021548,6862.23,-151.17730384124297
2021-03-13 07:00:00,7186.967301742338,7050.877907909705,7322.008372995195,7048.94,-138.02730174233875
2021-03-13 07:30:00,7322.4235236479035,7193.390983589788,7460.888470502702,7200.3,-122.12352364790331
2021-03-13 08:00:00,7413.270204235116,7281.969701856344,7555.427688520076,7295.94,-117.33020423511607
2021-03-13 08:30:00,7446.026550812204,7313.5611966086735,7575.944950306215,7280.71,-165.3165508122038
2021-03-13 09:00:00,7348.9096393002865,7206.555097886808,7484.868135305056,7151.03,-197.87963930028673
2021-03-13 09:30:00,7144.874421205618,6999.302602350871,7287.47397930687,7020.06,-124.81442120561769
2021-03-13 10:00:00,7012.94243006376,6860.851827268617,7144.1680826853135,6903.95,-108.99243006376037
2021-03-13 10:30:00,6922.082528796118,6781.591181630569,7054.2007126947165,6845.07,-77.0125287961182
2021-03-13 11:00:00,6912.936584860601,6770.681539542256,7043.890550081848,6937.12,24.183415139398676
2021-03-13 11:30:00,7104.0664125361245,6970.16579443347,7248.620302749396,7124.16,20.093587463875338
2021-03-13 12:00:00,7360.666728793189,7224.821471343776,7514.346256588517,7339.66,-21.006728793188813
2021-03-13 12:30:00,7595.766763002808,7465.98545396441,7734.428752483461,7519.65,-76.11676300280851
2021-03-13 13:00:00,7753.369015701747,7600.916843944254,7891.945670702537,7628.86,-124.50901570174756
2021-03-13 13:30:00,7818.849821623847,7681.958580347781,7950.24067982095,7877.99,59.14017837615302
2021-03-13 14:00:00,8140.506471024542,8009.262846474246,8272.298208855304,8159.49,18.983528975457375
2021-03-13 14:30:00,8459.216787130044,8314.922005938579,8596.879910835974,8299.43,-159.7867871300441
2021-03-13 15:00:00,8533.814422492072,8401.654736169225,8673.734451485721,8543.59,9.775577507927665
2021-03-13 15:30:00,8831.449249502459,8693.79538321616,8972.654867111652,8862.28,30.830750497541885
2021-03-13 16:00:00,9206.694638729217,9071.594301417636,9347.918304915482,9113.19,-93.50463872921682
2021-03-13 16:30:00,9420.53943981359,9275.458357036481,9556.08770604726,9337.36,-83.17943981358985
2021-03-13 17:00:00,9606.350929813709,9472.734183783059,9735.63072454556,9522.88,-83.47092981370952
2021-03-13 17:30:00,9740.195235726822,9601.81559640768,9873.694984361837,9587.3,-152.89523572682265
2021-03-13 18:00:00,9698.322169110792,9559.748891839961,9846.209512888474,9558.61,-139.71216911079136
2021-03-13 18:30:00,9570.07383573857,9429.329904399558,9700.381450191102,9399.08,-170.99383573857085
2021-03-13 19:00:00,9298.448410927647,9164.191195962698,9440.055115045196,9318.24,19.791589072352508
2021-03-13 19:30:00,9225.258344880061,9094.990195836168,9370.601742261013,9105.64,-119.61834488006207
2021-03-13 20:00:00,8938.651959853709,8802.185765811879,9081.545544826371,8808.7,-129.9519598537081
2021-03-13 20:30:00,8587.514517022377,8445.553258544562,8727.310164252249,8382.68,-204.83451702237653
2021-03-13 21:00:00,8103.791851312065,7962.84100726785,8235.735498013657,8138.18,34.38814868793543
2021-03-13 21:30:00,7974.997893516912,7832.69626474923,8112.179013544532,8257.63,282.6321064830872
2021-03-13 22:00:00,8332.984941898556,8199.70927797559,8458.911413676267,8116.97,-216.01494189855566
2021-03-13 22:30:00,8097.032778995147,7960.840154459345,8235.66603982192,7997.84,-99.19277899514691
2021-03-13 23:00:00,7965.218332554437,7829.580146354565,8093.079102018996,7709.37,-255.84833255443755
2021-03-13 23:30:00,7581.778054887476,7443.202930316524,7718.997588798275,7473.85,-107.92805488747581
2021-03-14 00:00:00,7343.842315214352,7199.0211055961745,7485.2550678613925,7309.07,-34.7723152143526
2021-03-14 00:30:00,7203.866164165975,7078.318450853901,7338.28102294814,7157.65,-46.21616416597499
2021-03-14 01:00:00,7047.576935231605,6898.92836495294,7187.655279468149,6941.33,-106.24693523160477
2021-03-14 01:30:00,6786.014695366149,6652.795823371646,6924.851040355165,6700.39,-85.62469536614844
2021-03-14 02:00:00,6530.4557288649285,6400.525395225397,6666.048836495676,6471.08,-59.37572886492853
2021-03-14 02:30:00,6329.193358713459,6193.848134134595,6465.120707923301,6367.18,37.98664128654127
2021-03-14 03:00:00,6332.501477478236,6200.984148642347,6469.821125957137,6319.59,-12.91147747823561
2021-03-14 03:30:00,6375.25908597251,6246.87101131562,6512.759308127085,6296.22,-79.03908597250938
2021-03-14 04:00:00,6419.461179981705,6278.641413234518,6543.478604943482,6204.06,-215.40117998170444
2021-03-14 04:30:00,6338.6193283082775,6201.500866373146,6469.2580547065545,6251.94,-86.67932830827795
2021-03-14 05:00:00,6491.328099388045,6353.7350610275735,6639.86121764234,6337.21,-154.11809938804527
2021-03-14 05:30:00,6626.515534431195,6492.173478439115,6767.451750172411,6457.94,-168.5755344311956
2021-03-14 06:00:00,6765.39965720663,6620.852376859933,6907.759401607552,6544.2,-221.19965720663004
2021-03-14 06:30:00,6815.671920689657,6667.456014140851,6944.959573696062,6671.99,-143.6819206896571
2021-03-14 07:00:00,6930.235032272196,6782.86211091701,7063.846322657874,6784.86,-145.37503227219622
2021-03-14 07:30:00,7000.895462119581,6864.527219026486,7141.998001399004,7058.04,57.14453788041919
2021-03-14 08:00:00,7321.319965462599,7186.697593740841,7460.191971025551,7207.98,-113.33996546259914
2021-03-14 08:30:00,7387.190619015387,7246.162917193822,7518.970569034806,7394.01,6.819380984613417
2021-03-14 09:00:00,7558.170245291423,7416.993889314583,7698.007893326888,7511.45,-46.72024529142345
2021-03-14 09:30:00,7631.678306145196,7488.283300959039,7769.256094860744,7492.43,-139.24830614519578
2021-03-14 10:00:00,7532.527133524658,7391.68197483568,7662.6201634294675,7466.22,-66.30713352465773
2021-03-14 10:30:00,7499.28183637443,7355.665703781358,7633.9381920521355,7374.06,-125.22183637442959
2021-03-14 11:00:00,7384.288114058863,7246.91739125741,7514.453123326125,7344.92,-39.368114058863284
2021-03-14 11:30:00,7394.908655213874,7251.359066967136,7540.572050963827,7289.29,-105.61865521387426
2021-03-14 12:00:00,7340.996331531107,7197.594074997901,7477.605217070663,7138.29,-202.70633153110703
2021-03-14 12:30:00,7143.822214468388,6993.025592257556,7278.380030017261,7119.03,-24.79221446838801
2021-03-14 13:00:00,7196.695821504646,7054.9887131131945,7331.353266090328,7037.55,-159.14582150464594
2021-03-14 13:30:00,7105.692159382875,6970.31096866525,7242.375930425003,7022.79,-82.90215938287474
2021-03-14 14:00:00,7136.1138357501495,6998.89064846844,7274.413710249291,7057.33,-78.78383575014959
2021-03-14 14:30:00,7222.518891874687,7082.65143163343,7370.2271866481,7115.17,-107.34889187468707
2021-03-14 15:00:00,7317.843019830117,7186.161066763068,7460.936255200504,7172.23,-145.61301983011708
2021-03-14 15:30:00,7396.1989541187995,7268.147038543903,7541.38251865911,7274.71,-121.48895411879948
2021-03-14 16:00:00,7537.033517993665,7401.487630101636,7674.545863736531,7469.26,-67.77351799366443
2021-03-14 16:30:00,7789.005894354306,7649.994939701945,7926.442809416819,7675.22,-113.78589435430604
2021-03-14 17:00:00,7998.44536362285,7864.905622560614,8131.747973264677,7888.54,-109.90536362285002
2021-03-14 17:30:00,8190.921441950539,8060.151833594573,8337.906702417862,8050.23,-140.69144195053923
2021-03-14 18:00:00,8289.297289255168,8156.065689894386,8429.665448998427,8046.18,-243.11728925516763
2021-03-14 18:30:00,8151.471344125107,8018.853240867025,8275.839353535817,7956.99,-194.48134412510717
2021-03-14 19:00:00,7967.140250081768,7835.2845345797605,8110.786886199806,7907.1,-60.040250081767226
2021-03-14 19:30:00,7907.633894390156,7758.805875482411,8047.477025463812,7696.41,-211.2238943901557
2021-03-14 20:00:00,7602.72996999554,7470.537280596621,7739.125469923834,7531.51,-71.21996999553994
2021-03-14 20:30:00,7451.195113553481,7300.490387040425,7595.776962142984,7326.22,-124.9751135534807
2021-03-14 21:00:00,7244.022772811855,7110.112302787404,7383.537118434978,7137.88,-106.14277281185514
2021-03-14 21:30:00,7083.978249127439,6944.01498581764,7219.2615157539185,6975.34,-108.63824912743894
2021-03-14 22:00:00,6960.836873243432,6824.136888955322,7095.3351787890915,6861.63,-99.2068732434318
2021-03-14 22:30:00,6893.035030447278,6757.26272584102,7027.154283448967,6793.4,-99.63503044727804
2021-03-14 23:00:00,6859.441340585456,6719.719628713441,6996.193800447651,6679.95,-179.49134058545587
2021-03-14 23:30:00,6717.566323127849,6574.71486775872,6851.587168817866,6557.98,-159.58632312784903
2021-03-15 00:00:00,6568.098681868788,6422.5436067501705,6704.1652171974065,6446.8,-121.29868186878775
2021-03-15 00:30:00,6439.452254888091,6301.3465357869145,6575.293434097701,6313.85,-125.60225488809101
2021-03-15 01:00:00,6274.669561004103,6133.481449675058,6411.240864737538,6186.71,-87.9595610041033
2021-03-15 01:30:00,6135.59117787428,5992.982663658004,6262.966454054058,5969.96,-165.63117787428018
2021-03-15 02:00:00,5873.5383393150605,5732.682595429754,6017.473357136996,5788.12,-85.41833931506062
2021-03-15 02:30:00,5724.18371926263,5582.648721269469,5860.3753953916075,5694.03,-30.153719262630148
2021-03-15 03:00:00,5719.37998450152,5590.323661295962,5864.183680282326,5682.96,-36.41998450152005
2021-03-15 03:30:00,5809.2009740284975,5667.835317994492,5948.259990146331,5744.75,-64.45097402849751
2021-03-15 04:00:00,5967.073116165884,5830.115762049311,6105.928885958232,5836.48,-130.59311616588457
2021-03-15 04:30:00,6124.645222186569,5979.3657183460255,6265.731581530223,6020.93,-103.71522218656901
2021-03-15 05:00:00,6391.174779493316,6258.0542470762475,6532.734418538313,6280.83,-110.34477949331631
2021-03-15 05:30:00,6710.473772030935,6566.124931753525,6850.839043459502,6720.64,10.166227969065403
2021-03-15 06:00:00,7241.6441553840405,7109.033393099458,7384.992403430599,7232.8,-8.844155384040278
2021-03-15 06:30:00,7776.04627692028,7642.940922764337,7916.279385595332,7619.84,-156.2062769202803
2021-03-15 07:00:00,8054.030591334409,7914.081448245744,8197.17810397015,7854.35,-199.68059133440875
2021-03-15 07:30:00,8144.567537965622,8002.854302869047,8290.294320305155,7721.9,-422.6675379656226
2021-03-15 08:00:00,7760.682674773718,7626.453485935171,7906.381225433188,7487.82,-272.862674773718
2021-03-15 08:30:00,7417.56755506121,7285.168435384565,7556.125596141175,7294.55,-123.01755506121026
2021-03-15 09:00:00,7235.079878680512,7101.64290102114,7384.931567436934,7094.06,-141.01987868051128
2021-03-15 09:30:00,7044.326247623921,6904.041083428874,7176.348398148156,6890.11,-154.21624762392094
2021-03-15 10:00:00,6854.081921590534,6723.109826684406,6996.146760195246,6667.2,-186.88192159053415
2021-03-15 10:30:00,6642.239058789761,6508.776345216431,6781.78308108144,6557.85,-84.38905878976038
2021-03-15 11:00:00,6614.063985096897,6480.363934670098,6752.138518095556,6533.83,-80.23398509689741
2021-03-15 11:30:00,6663.1187547232785,6523.725874625007,6804.113650476185,6544.92,-118.1987547232784
2021-03-15 12:00:00,6710.700380270956,6575.0418635059,6852.77812901174,6543.2,-167.50038027095616
2021-03-15 12:30:00,6710.960278473771,6565.934754004404,6853.710913215529,6515.71,-195.25027847377078
2021-03-15 13:00:00,6673.162148830947,6528.443547964497,6802.618936162932,6452.9,-220.2621488309478
2021-03-15 13:30:00,6598.677068851531,6464.4551683036925,6746.8729189146725,6492.71,-105.96706885153071
2021-03-15 14:00:00,6705.107246903102,6566.547703552937,6833.839411715538,6550.99,-154.11724690310257
2021-03-15 14:30:00,6800.576823049753,6665.026893948363,6947.5529920389345,6616.16,-184.41682304975348
2021-03-15 15:00:00,6890.020787752812,6746.4603196411545,7027.094735753282,6833.53,-56.49078775281214
2021-03-15 15:30:00,7207.334080142029,7071.351178785619,7349.615156376167,6962.19,-245.14408014202945
2021-03-15 16:00:00,7312.507199508628,7168.859690489521,7448.790425257799,7168.18,-144.32719950862793
2021-03-15 16:30:00,7551.153198055905,7402.811705304379,7689.134987735264,7468.69,-82.4631980559052
2021-03-15 17:00:00,7896.526100384018,7755.515239895007,8036.883269674918,7817.45,-79.07610038401799
2021-03-15 17:30:00,8249.91307553725,8109.463915151854,8388.629679883965,8060.39,-189.5230755372495
2021-03-15 18:00:00,8397.928006857373,8268.81484743819,8537.96311451211,8226.74,-171.1880068573737
2021-03-15 18:30:00,8466.61505059848,8329.348840230761,8603.493806729673,8177.69,-288.925050598481
2021-03-15 19:00:00,8253.454673942553,8116.264621100036,8388.259117521658,8193.12,-60.3346739425524
2021-03-15 19:30:00,8254.883678671953,8116.358333769519,8392.974691084095,8005.08,-249.8036786719531
2021-03-15 20:00:00,7948.27051187067,7804.5883437998145,8077.760043309977,7780.0,-168.2705118706699
2021-03-15 20:30:00,7685.373196072657,7545.873216283355,7824.966691819991,7573.62,-111.75319607265737
2021-03-15 21:00:00,7501.528373878056,7361.219282926528,7636.70454598351,7374.54,-126.98837387805634
2021-03-15 21:30:00,7328.609155788679,7193.062074995524,7467.872260305162,7274.84,-53.7691557886792
2021-03-15 22:00:00,7305.448220984698,7166.312027245909,7437.437994287512,7189.56,-115.88822098469791
2021-03-15 22:30:00,7251.593578676117,7108.030590693538,7393.282707411702,7184.81,-66.78357867611703
2021-03-15 23:00:00,7294.511792365571,7149.601403326631,7428.740395878855,7067.12,-227.39179236557084
2021-03-15 23:30:00,7111.750688239898,6968.023215987742,7249.368851717562,6955.38,-156.3706882398983
2021-03-16 00:00:00,6973.111174605623,6845.221901420935,7119.478537485928,6908.59,-64.52117460562295
2021-03-16 00:30:00,6937.377400518773,6811.225767029745,7081.792422910048,6743.32,-194.05740051877365
2021-03-16 01:00:00,6690.8990715062555,6552.485892163973,6824.393096999882,6613.53,-77.36907150625575
2021-03-16 01:30:00,6556.476482629275,6414.146989215986,6694.409763782953,6314.55,-241.9264826292747
2021-03-16 02:00:00,6173.332386111767,6038.968261276885,6312.756757149254,6099.16,-74.17238611176708
2021-03-16 02:30:00,6010.31030643852,5874.269474107635,6145.054632771544,5984.86,-25.450306438519874
2021-03-16 03:00:00,5999.1445896725945,5859.178868117214,6134.896790103294,5896.86,-102.28458967259485
2021-03-16 03:30:00,5983.702339520519,5854.869878483419,6127.13370328818,5890.23,-93.4723395205192
2021-03-16 04:00:00,6074.859271941792,5939.971270742339,6219.664313232942,5989.56,-85.29927194179163
2021-03-16 04:30:00,6284.166618744592,6153.909374496652,6420.139432381934,6186.56,-97.60661874459129
2021-03-16 05:00:00,6573.675947790125,6438.469511017559,6712.983578492266,6437.47,-136.2059477901248
2021-03-16 05:30:00,6872.107083004932,6735.582957331245,7005.542307618128,6938.71,66.60291699506797
2021-03-16 06:00:00,7499.947658749216,7353.20073765045,7624.00695186292,7384.11,-115.83765874921664
2021-03-16 06:30:00,7902.892886409311,7760.826919921591,8035.40291982604,7778.06,-124.83288640931096
2021-03-16 07:00:00,8214.328240268283,8078.4540722533775,8362.920038036922,7956.8,-257.5282402682833
2021-03-16 07:30:00,8222.221883551514,8081.704797315812,8367.38799663635,7895.63,-326.591883551514
2021-03-16 08:00:00,7970.881032571137,7825.377185192615,8117.5838489479565,7777.76,-193.12103257113722
2021-03-16 08:30:00,7775.700317880018,7641.161461820898,7911.352905023668,7733.81,-41.89031788001739
2021-03-16 09:00:00,7759.845431566079,7617.877977393793,7899.739344306825,7595.17,-164.67543156607917
2021-03-16 09:30:00,7578.687959443546,7450.228275159558,7727.043778907934,7440.22,-138.46795944354562
2021-03-16 10:00:00,7416.904979373553,7275.350795456453,7550.208520413588,7309.97,-106.93497937355278
2021-03-16 10:30:00,7315.852826870655,7177.7946619487,7458.624101430184,7029.92,-285.93282687065494
2021-03-16 11:00:00,6976.096467125914,6838.863595120292,7111.585770078474,6936.6,-39.49646712591402
2021-03-16 11:30:00,6990.4265779441575,6859.795244949088,7139.401866135914,7085.09,94.6634220558426
2021-03-16 12:00:00,7297.818471651228,7159.226204929453,7436.126713078359,7312.93,15.111528348772481
2021-03-16 12:30:00,7590.753487402931,7449.721587091939,7731.224853737417,7399.55,-191.20348740293048
2021-03-16 13:00:00,7602.7435511748845,7463.599434149386,7736.714177337239,7401.23,-201.51355117488492
2021-03-16 13:30:00,7547.842576967346,7411.206001915628,7679.612741422004,7467.85,-79.99257696734549
2021-03-16 14:00:00,7652.740214761315,7504.350568825199,7788.267153225971,7466.8,-185.94021476131456
2021-03-16 14:30:00,7638.071860200724,7495.027277949452,7772.053576767843,7482.83,-155.24186020072375
2021-03-16 15:00:00,7676.932934824836,7542.930033984033,7815.540721866563,7559.69,-117.24293482483608
2021-03-16 15:30:00,7806.953676013662,7666.031577236653,7942.777852876605,7672.84,-134.11367601366146
2021-03-16 16:00:00,7958.283886440094,7823.577593664604,8104.798251134501,7894.69,-63.59388644009414
2021-03-16 16:30:00,8244.061816430112,8110.111030612702,8381.899393063553,8097.72,-146.34181643011198
2021-03-16 17:00:00,8434.209047359276,8291.936140730708,8582.736625675343,8365.05,-69.15904735927688
2021-03-16 17:30:00,8707.702704230845,8564.238486320743,8845.005919857289,8393.76,-313.94270423084527
2021-03-16 18:00:00,8576.704556784152,8441.3810095968,8714.027016369088,8568.28,-8.424556784151719
2021-03-16 18:30:00,8767.780391640283,8634.558195261956,8915.89683515686,8507.87,-259.9103916402819
2021-03-16 19:00:00,8556.988635614704,8423.156177390081,8691.389174253534,8375.9,-181.0886356147039
2021-03-16 19:30:00,8337.019412656331,8193.903649687436,8475.778372853172,8198.43,-138.58941265633075
2021-03-16 20:00:00,8117.062659502297,7979.280631856505,8265.638999076762,8012.27,-104.79265950229637
2021-03-16 20:30:00,7925.096167838346,7772.920180731493,8063.480582452678,7775.97,-149.1261678383462
2021-03-16 21:00:00,7676.650847499328,7541.144520480019,7809.691621223339,7519.49,-157.16084749932816
2021-03-16 21:30:00,7428.554270515819,7294.565177287031,7572.90331740282,7462.84,34.2857294841815
2021-03-16 22:00:00,7502.2547703921355,7358.042504022583,7648.501734950036,7373.83,-128.42477039213554
2021-03-16 22:30:00,7429.31036716649,7294.972233517071,7567.859798513035,7345.78,-83.53036716649058
2021-03-16 23:00:00,7432.463959725517,7288.246793429554,7554.513510283164,7218.99,-213.4739597255175
2021-03-16 23:30:00,7247.101035797102,7099.035026312788,7383.797902383248,7056.88,-190.22103579710165
2021-03-17 00:00:00,7037.2768245610605,6891.08630523135,7171.333453607613,6999.23,-38.04682456106093
2021-03-17 00:30:00,7009.064937946808,6869.293928358169,7148.713790024679,6849.85,-159.21493794680737
2021-03-17 01:00:00,6798.687674110078,6654.170412340471,6939.860729337921,6618.34,-180.3476741100776
2021-03-17 01:30:00,6502.054759999679,6356.463193451773,6644.896790146597,6353.34,-148.7147599996788
2021-03-17 02:00:00,6216.35958873045,6082.980771201182,6350.137901618209,6155.11,-61.24958873045034
2021-03-17 02:30:00,6075.189902328565,5939.721391201842,6211.9604146417105,5999.4,-75.7899023285654
2021-03-17 03:00:00,5988.163188846444,5852.517662028283,6131.235714662094,5964.12,-24.043188846444536
2021-03-17 03:30:00,6071.0182823776595,5938.675197094163,6212.895699082117,5981.55,-89.4682823776593
2021-03-17 04:00:00,6179.187473645012,6039.334155307826,6318.663717489548,6051.72,-127.46747364501152
2021-03-17 04:30:00,6325.490288495979,6183.841304419334,6474.53808827272,6237.05,-88.44028849597908
2021-03-17 05:00:00,6606.153130174666,6463.565705428224,6747.409527704803,6498.06,-108.09313017466593
2021-03-17 05:30:00,6926.908692536569,6789.92836896731,7066.188300554543,6985.1,58.19130746343126
2021-03-17 06:00:00,7532.778294593957,7399.418645598172,7674.672967602887,7452.83,-79.94829459395714
2021-03-17 06:30:00,7975.202778949172,7841.187236365183,8120.639266169532,7821.44,-153.76277894917257
2021-03-17 07:00:00,8238.549127507822,8103.52979349741,8373.828746522637,8068.72,-169.8291275078218
2021-03-17 07:30:00,8359.940773094608,8223.14014705707,8500.694922386563,8060.23,-299.71077309460816
2021-03-17 08:00:00,8160.874538515854,8017.741882551958,8303.581838673943,7901.14,-259.7345385158533
2021-03-17 08:30:00,7871.480901527107,7728.454021655813,8011.168890297461,7841.94,-29.540901527107053
2021-03-17 09:00:00,7842.588218119856,7703.55485744871,7982.277346693239,7814.3,-28.288218119855628
2021-03-17 09:30:00,7844.624907638017,7706.783714913506,7976.3842587774125,7755.16,-89.4649076380174
2021-03-17 10:00:00,7780.172620640972,7635.295549467644,7911.670262204201,7695.32,-84.85262064097242
2021-03-17 10:30:00,7730.064724930627,7580.069686363674,7872.160321112845,7595.23,-134.8347249306271
2021-03-17 11:00:00,7623.016334969143,7490.262225530545,7765.48727247258,7537.24,-85.77633496914314
2021-03-17 11:30:00,7597.007755288887,7457.076975152443,7745.5093336224245,7511.38,-85.62775528888687
2021-03-17 12:00:00,7603.189218553181,7461.621894115329,7747.559638041215,7471.58,-131.60921855318065
2021-03-17 12:30:00,7563.4154162661835,7432.231590217036,7690.273457564382,7474.37,-89.04541626618357
2021-03-17 13:00:00,7595.3059802859725,7461.3491259539,7734.169628871073,7408.45,-186.8559802859727
2021-03-17 13:30:00,7504.998378872809,7362.30139346347,7637.677733141597,7370.84,-134.1583788728085
2021-03-17 14:00:00,7487.849619969473,7344.622831050448,7627.0860930913805,7464.73,-23.119619969473206
2021-03-17 14:30:00,7675.951884681141,7536.176339739991,7818.106298152283,7460.35,-215.6018846811403
2021-03-17 15:00:00,7650.006582423697,7508.827184398278,7791.83835737876,7657.38,7.373417576302927
2021-03-17 15:30:00,7965.043042015986,7829.028889439102,8099.974727671416,7795.99,-169.05304201598665
2021-03-17 16:00:00,8099.7986442377,7962.141966905369,8238.632968868926,7941.81,-157.9886442376992
2021-03-17 16:30:00,8244.248611936535,8108.7223930769205,8390.461065878577,8143.58,-100.66861193653494
2021-03-17 17:00:00,8464.62101534019,8319.542780877307,8612.905039607991,8367.39,-97.23101534019042
2021-03-17 17:30:00,8680.81242102174,8546.668208628715,8818.463179583065,8471.23,-209.58242102173972
2021-03-17 18:00:00,8684.861421127915,8537.168193635856,8818.937435564878,8518.35,-166.51142112791422
2021-03-17 18:30:00,8649.83201713055,8510.100220119992,8788.041201524236,8496.3,-153.53201713055023
2021-03-17 19:00:00,8549.95105121768,8404.33304369589,8682.674595554965,8397.93,-152.02105121768
2021-03-17 19:30:00,8377.224981423786,8239.91392223391,8510.650196277431,8271.57,-105.65498142378601
2021-03-17 20:00:00,8215.861231101722,8067.745949874971,8357.77987576666,7995.89,-219.97123110172197
2021-03-17 20:30:00,7859.0335608216465,7712.715867706311,8005.557804300198,7735.99,-123.04356082164668
2021-03-17 21:00:00,7612.125134881215,7464.099047291414,7747.73881631673,7560.98,-51.1451348812152
2021-03-17 21:30:00,7510.209287252637,7382.65650927792,7648.750312222684,7503.12,-7.089287252637405
2021-03-17 22:00:00,7546.237136169934,7407.212003911681,7675.658506629883,7419.77,-126.46713616993384
2021-03-17 22:30:00,7473.28868617887,7338.280535339649,7606.231007694234,7417.91,-55.37868617887034
2021-03-17 23:00:00,7513.9294415983195,7375.858173401527,7651.796230546893,7287.32,-226.6094415983198
2021-03-17 23:30:00,7310.375865500197,7174.63923902761,7446.065529635983,7172.39,-137.985865500196