DATETIME,TOTALDEMAND,FORECASTDEMAND,XGBPREDICTION
2021-03-01 00:00:00,7102.38,6888.226338028169,6996.455
2021-03-01 00:30:00,6947.85,6689.353472222222,6962.266
2021-03-01 01:00:00,6769.28,6482.016301369863,6749.2593
2021-03-01 01:30:00,6499.29,6246.177837837838,6530.343
2021-03-01 02:00:00,6336.15,6084.3768,6319.4688
2021-03-01 02:30:00,6243.42,6020.563026315789,6204.5054
2021-03-01 03:00:00,6205.89,6001.278311688312,6185.8013
2021-03-01 03:30:00,6231.0,6061.257051282051,6179.4346
2021-03-01 04:00:00,6308.0,6156.422278481013,6328.839
2021-03-01 04:30:00,6526.71,6409.66375,6468.062
2021-03-01 05:00:00,6743.86,6653.000909090909,6795.0503
2021-03-01 05:30:00,7217.68,7066.937647058824,7191.3423
2021-03-01 06:00:00,7648.96,7431.459142857143,7648.8555
2021-03-01 06:30:00,8071.15,7750.902222222222,7985.6875
2021-03-01 07:00:00,8308.62,7962.979189189189,8330.457
2021-03-01 07:30:00,8374.86,8013.941842105262,8475.311
2021-03-01 08:00:00,8267.72,7972.533333333333,8445.2705
2021-03-01 08:30:00,8226.01,7968.128999999999,8308.972
2021-03-01 09:00:00,8128.15,7928.909756097561,8245.64
2021-03-01 09:30:00,8063.04,7897.44261904762,8155.096
2021-03-01 10:00:00,8027.53,7897.702093023256,8038.728
2021-03-01 10:30:00,8018.16,7913.896590909091,8050.4336
2021-03-01 11:00:00,8100.38,7963.800444444445,8046.6367
2021-03-01 11:30:00,8142.51,8043.97152173913,8190.6772
2021-03-01 12:00:00,8278.88,8100.018510638298,8253.414
2021-03-01 12:30:00,8519.26,8249.599375,8401.663
2021-03-01 13:00:00,8812.15,8453.538775510204,8707.431
2021-03-01 13:30:00,9162.01,8707.9686,9025.067
2021-03-01 14:00:00,9491.93,8944.859215686274,9385.901
2021-03-01 14:30:00,9631.56,9285.686730769232,9698.028
2021-03-01 15:00:00,10002.64,9617.268113207549,9756.593
2021-03-01 15:30:00,10486.53,9959.850370370372,10255.446
2021-03-01 16:00:00,10809.26,10229.687272727271,10710.793
2021-03-01 16:30:00,11065.98,10477.044285714286,11011.865
2021-03-01 17:00:00,11404.28,10702.766842105262,11199.245
2021-03-01 17:30:00,11344.27,10791.323620689656,11301.545
2021-03-01 18:00:00,11301.92,10777.303220338985,11230.75
2021-03-01 18:30:00,10998.98,10621.335833333334,11147.794
2021-03-01 19:00:00,10694.83,10431.693606557375,10654.604
2021-03-01 19:30:00,10503.21,10179.337258064515,10397.366
2021-03-01 20:00:00,10088.74,9892.439523809522,10253.712
2021-03-01 20:30:00,9686.49,9544.3678125,9790.606
2021-03-01 21:00:00,9221.54,9167.13446153846,9319.045
2021-03-01 21:30:00,8812.95,8855.188787878787,8907.926
2021-03-01 22:00:00,8396.63,8544.615820895522,8536.821
2021-03-01 22:30:00,8167.28,8285.648235294117,8161.8296
2021-03-01 23:00:00,7951.83,8026.791594202899,7935.8022
2021-03-01 23:30:00,7757.99,7718.978571428572,7730.5557
2021-03-02 00:00:00,7608.8,7517.969577464788,7574.0054
2021-03-02 00:30:00,7380.75,7274.6525,7457.5674
2021-03-02 01:00:00,7149.54,7021.800684931507,7184.924
2021-03-02 01:30:00,6859.84,6726.5579729729725,6937.1787
2021-03-02 02:00:00,6618.76,6513.8612,6659.865
2021-03-02 02:30:00,6495.31,6372.98302631579,6441.634
2021-03-02 03:00:00,6434.3,6303.446493506493,6418.875
2021-03-02 03:30:00,6386.63,6298.111153846154,6396.324
2021-03-02 04:00:00,6444.25,6356.522405063291,6432.4966
2021-03-02 04:30:00,6617.63,6551.38375,6594.33
2021-03-02 05:00:00,6850.07,6766.699696969697,6868.9595
2021-03-02 05:30:00,7308.19,7173.500588235293,7297.9478
2021-03-02 06:00:00,7677.56,7508.8165714285715,7694.8633
2021-03-02 06:30:00,7999.41,7809.713333333333,8009.44
2021-03-02 07:00:00,8109.91,7991.525945945947,8202.61
2021-03-02 07:30:00,8064.19,7990.486315789473,8218.1
2021-03-02 08:00:00,8009.02,7860.50717948718,8048.6045
2021-03-02 08:30:00,7836.62,7739.63225,7980.221
2021-03-02 09:00:00,7774.02,7556.21268292683,7774.254
2021-03-02 09:30:00,7663.85,7406.495476190476,7742.532
2021-03-02 10:00:00,7469.35,7262.9539534883725,7623.671
2021-03-02 10:30:00,7357.17,7138.386590909091,7423.0537
2021-03-02 11:00:00,7231.9,7055.582666666666,7271.343
2021-03-02 11:30:00,7321.09,6999.2156521739125,7196.6797
2021-03-02 12:00:00,7169.48,6903.766595744682,7267.8545
2021-03-02 12:30:00,7107.26,6850.960416666666,7128.8843
2021-03-02 13:00:00,7111.89,6797.574285714286,7061.825
2021-03-02 13:30:00,7102.15,6802.035400000001,7082.1724
2021-03-02 14:00:00,7184.91,6827.526078431373,7084.6113
2021-03-02 14:30:00,7280.31,6924.512307692308,7219.4316
2021-03-02 15:00:00,7456.95,7066.971698113208,7367.385
2021-03-02 15:30:00,7660.61,7296.801481481482,7516.6714
2021-03-02 16:00:00,7949.06,7536.923090909091,7822.9297
2021-03-02 16:30:00,8052.47,7807.652678571429,8118.331
2021-03-02 17:00:00,8329.9,8092.580175438597,8163.2617
2021-03-02 17:30:00,8459.65,8312.30775862069,8467.735
2021-03-02 18:00:00,8397.76,8432.16152542373,8560.385
2021-03-02 18:30:00,8394.8,8455.9035,8407.788
2021-03-02 19:00:00,8420.61,8474.94737704918,8261.578
2021-03-02 19:30:00,8317.72,8430.816935483872,8304.883
2021-03-02 20:00:00,8129.39,8258.689682539683,8166.136
2021-03-02 20:30:00,7949.77,8059.818125,7958.6006
2021-03-02 21:00:00,7642.11,7827.043692307692,7792.6
2021-03-02 21:30:00,7606.18,7699.780909090909,7510.166
2021-03-02 22:00:00,7495.2,7564.906268656716,7501.1357
2021-03-02 22:30:00,7445.58,7498.181323529412,7399.6533
2021-03-02 23:00:00,7316.87,7405.617971014493,7318.0703
2021-03-02 23:30:00,7197.12,7256.338428571428,7145.599
2021-03-03 00:00:00,7148.14,7137.674366197183,7041.7197
2021-03-03 00:30:00,6963.17,6967.4302777777775,7014.7026
2021-03-03 01:00:00,6756.23,6761.844246575342,6750.248
2021-03-03 01:30:00,6451.45,6494.960135135135,6507.5674
2021-03-03 02:00:00,6286.25,6284.9473333333335,6257.176
2021-03-03 02:30:00,6124.4,6144.435657894736,6143.303
2021-03-03 03:00:00,6083.11,6077.980649350649,6085.6865
2021-03-03 03:30:00,6088.95,6071.313846153846,6069.7534
2021-03-03 04:00:00,6160.29,6137.048227848101,6153.222
2021-03-03 04:30:00,6382.46,6340.834375,6292.7104
2021-03-03 05:00:00,6583.28,6573.741515151515,6633.768
2021-03-03 05:30:00,7076.98,6988.883823529412,6995.5107
2021-03-03 06:00:00,7551.88,7414.340571428571,7503.132
2021-03-03 06:30:00,7834.03,7728.706944444445,7908.719
2021-03-03 07:00:00,8062.38,7912.351351351352,8061.4033
2021-03-03 07:30:00,8041.08,7914.815,8198.244
2021-03-03 08:00:00,7927.19,7762.759487179487,8044.109
2021-03-03 08:30:00,7841.96,7642.645750000001,7874.696
2021-03-03 09:00:00,7665.62,7461.583902439024,7772.705
2021-03-03 09:30:00,7287.8,7306.671428571429,7606.4697
2021-03-03 10:00:00,7197.37,7169.076279069768,7159.24
2021-03-03 10:30:00,7266.58,7035.254545454546,7118.242
2021-03-03 11:00:00,7054.54,6932.131111111112,7232.2505
2021-03-03 11:30:00,7028.14,6848.238695652173,7004.717
2021-03-03 12:00:00,7011.85,6771.9025531914895,6977.002
2021-03-03 12:30:00,7080.31,6725.994583333333,6969.395
2021-03-03 13:00:00,7097.89,6733.9567346938775,7033.068
2021-03-03 13:30:00,7002.55,6747.8324,7077.005
2021-03-03 14:00:00,6958.34,6784.219019607843,6948.213
2021-03-03 14:30:00,7023.09,6843.060961538461,6899.064
2021-03-03 15:00:00,7193.6,6991.722452830189,7008.7065
2021-03-03 15:30:00,7339.92,7213.515925925925,7287.6323
2021-03-03 16:00:00,7592.09,7452.106545454545,7520.609
2021-03-03 16:30:00,7943.02,7705.907321428572,7740.8105
2021-03-03 17:00:00,8129.71,7993.335614035088,8121.2573
2021-03-03 17:30:00,8131.81,8163.334137931035,8244.49
2021-03-03 18:00:00,8244.87,8259.636101694916,8180.428
2021-03-03 18:30:00,8201.04,8252.7865,8263.367
2021-03-03 19:00:00,8154.52,8258.82213114754,8109.318
2021-03-03 19:30:00,8148.41,8224.962096774194,8035.978
2021-03-03 20:00:00,8009.5,8062.561746031746,7996.9805
2021-03-03 20:30:00,7738.15,7873.526875,7836.7266
2021-03-03 21:00:00,7567.48,7657.928307692308,7614.81
2021-03-03 21:30:00,7478.65,7549.892121212121,7421.4146
2021-03-03 22:00:00,7308.01,7433.862537313433,7397.683
2021-03-03 22:30:00,7326.16,7400.371911764705,7213.259
2021-03-03 23:00:00,7248.16,7313.753333333333,7180.5054
2021-03-03 23:30:00,7096.47,7184.533571428571,7108.3984
2021-03-04 00:00:00,7010.79,7085.947746478873,6970.812
2021-03-04 00:30:00,6831.85,6948.313194444444,6887.8193
2021-03-04 01:00:00,6641.11,6748.616301369863,6602.7
2021-03-04 01:30:00,6368.14,6498.532432432433,6395.929
2021-03-04 02:00:00,6174.93,6291.628666666667,6184.075
2021-03-04 02:30:00,6052.78,6151.244210526315,6039.3877
2021-03-04 03:00:00,6024.68,6084.123376623376,6025.7163
2021-03-04 03:30:00,6053.69,6071.128333333333,6048.867
2021-03-04 04:00:00,6095.54,6137.186835443038,6168.961
2021-03-04 04:30:00,6340.1,6293.8628125,6240.3438
2021-03-04 05:00:00,6519.71,6529.727575757576,6606.024
2021-03-04 05:30:00,6990.17,6928.370294117647,6912.0205
2021-03-04 06:00:00,7438.72,7346.050285714286,7401.3433
2021-03-04 06:30:00,7720.04,7595.634722222221,7820.757
2021-03-04 07:00:00,7822.11,7706.143513513513,7959.1577
2021-03-04 07:30:00,7683.26,7638.828684210526,7964.2515
2021-03-04 08:00:00,7428.18,7424.24076923077,7670.6753
2021-03-04 08:30:00,7303.04,7241.61325,7342.5503
2021-03-04 09:00:00,7108.77,7033.21512195122,7253.8965
2021-03-04 09:30:00,6940.05,6865.408333333334,7076.9453
2021-03-04 10:00:00,6824.84,6746.666511627906,6886.8423
2021-03-04 10:30:00,6649.89,6649.139090909091,6768.0327
2021-03-04 11:00:00,6591.7,6600.577333333333,6603.001
2021-03-04 11:30:00,6532.98,6560.352173913044,6525.3555
2021-03-04 12:00:00,6514.09,6546.892340425532,6524.525
2021-03-04 12:30:00,6597.36,6555.79,6498.8486
2021-03-04 13:00:00,6659.57,6605.551020408163,6664.6724
2021-03-04 13:30:00,6739.95,6699.1368,6725.5454
2021-03-04 14:00:00,6825.77,6836.683137254902,6838.805
2021-03-04 14:30:00,6985.34,6959.320384615384,6893.5293
2021-03-04 15:00:00,7273.84,7223.055094339622,7124.2427
2021-03-04 15:30:00,7524.78,7519.123148148148,7458.4297
2021-03-04 16:00:00,7926.54,7819.680363636363,7744.8013
2021-03-04 16:30:00,8206.88,8098.4525,8179.4663
2021-03-04 17:00:00,8581.2,8400.931228070176,8417.0205
2021-03-04 17:30:00,8759.28,8565.546206896552,8852.522
2021-03-04 18:00:00,8953.9,8649.433559322035,8963.953
2021-03-04 18:30:00,8851.2,8617.000666666667,9007.646
2021-03-04 19:00:00,8791.81,8577.634098360655,8713.363
2021-03-04 19:30:00,8685.0,8508.405483870967,8644.197
2021-03-04 20:00:00,8507.28,8340.954126984127,8507.8955
2021-03-04 20:30:00,8212.91,8092.13828125,8313.074
2021-03-04 21:00:00,7876.71,7835.782153846154,8026.154
2021-03-04 21:30:00,7731.97,7691.029848484849,7721.9043
2021-03-04 22:00:00,7613.25,7543.584626865671,7591.6274
2021-03-04 22:30:00,7559.15,7475.041911764705,7502.5317
2021-03-04 23:00:00,7355.08,7368.859710144928,7428.932
2021-03-04 23:30:00,7198.04,7238.277,7193.386
2021-03-05 00:00:00,7105.3,7130.41690140845,7040.014
2021-03-05 00:30:00,6932.96,7000.739305555555,6968.2705
2021-03-05 01:00:00,6754.76,6801.4758904109585,6755.427
2021-03-05 01:30:00,6462.96,6541.812567567567,6510.2246
2021-03-05 02:00:00,6234.41,6332.7428,6234.0435
2021-03-05 02:30:00,6119.14,6193.252763157895,6102.4536
2021-03-05 03:00:00,6086.6,6124.858311688312,6050.7217
2021-03-05 03:30:00,6158.5,6111.612692307692,6096.953
2021-03-05 04:00:00,6218.94,6175.75,6282.5503
2021-03-05 04:30:00,6381.92,6357.9071875,6417.4883
2021-03-05 05:00:00,6573.47,6588.236060606061,6637.3687
2021-03-05 05:30:00,7114.46,6978.980882352941,6943.8804
2021-03-05 06:00:00,7467.89,7340.465714285714,7585.4414
2021-03-05 06:30:00,7724.6,7579.621944444445,7832.357
2021-03-05 07:00:00,7859.24,7718.394864864865,7928.5664
2021-03-05 07:30:00,7751.32,7704.602105263158,7991.0835
2021-03-05 08:00:00,7550.68,7555.477948717949,7776.3984
2021-03-05 08:30:00,7448.48,7405.06675,7555.0566
2021-03-05 09:00:00,7303.54,7227.267073170732,7425.3643
2021-03-05 09:30:00,7138.87,7054.5919047619045,7299.075
2021-03-05 10:00:00,7153.42,6942.14,7072.13
2021-03-05 10:30:00,7145.26,6838.3495454545455,7117.4653
2021-03-05 11:00:00,7066.78,6758.760666666666,7121.165
2021-03-05 11:30:00,6941.31,6689.17847826087,7022.6855
2021-03-05 12:00:00,6737.74,6628.02170212766,6901.9497
2021-03-05 12:30:00,6615.47,6580.910625,6668.4233
2021-03-05 13:00:00,6596.36,6563.04693877551,6542.148
2021-03-05 13:30:00,6621.87,6551.343199999999,6557.4536
2021-03-05 14:00:00,6672.77,6574.804705882352,6615.137
2021-03-05 14:30:00,6822.19,6639.33076923077,6693.9243
2021-03-05 15:00:00,7062.57,6808.03396226415,6942.6
2021-03-05 15:30:00,7278.3,7031.712592592592,7191.418
2021-03-05 16:00:00,7526.55,7274.909272727273,7478.2334
2021-03-05 16:30:00,7720.58,7536.588928571428,7704.416
2021-03-05 17:00:00,7982.1,7770.2919298245615,7919.1973
2021-03-05 17:30:00,8029.68,7882.309310344827,8150.4604
2021-03-05 18:00:00,8142.32,7948.911694915254,8136.6455
2021-03-05 18:30:00,8067.48,7932.078833333333,8204.45
2021-03-05 19:00:00,8077.17,7931.510655737706,7972.31
2021-03-05 19:30:00,7946.95,7898.626612903226,8002.945
2021-03-05 20:00:00,7851.11,7757.770317460317,7829.6646
2021-03-05 20:30:00,7654.96,7599.41984375,7708.302
2021-03-05 21:00:00,7481.96,7425.914307692307,7521.655
2021-03-05 21:30:00,7431.72,7388.558333333333,7354.5234
2021-03-05 22:00:00,7366.77,7340.480298507463,7349.153
2021-03-05 22:30:00,7343.19,7346.859705882353,7273.1636
2021-03-05 23:00:00,7231.9,7286.19768115942,7193.369
2021-03-05 23:30:00,7135.12,7157.993857142857,7082.4053
2021-03-06 00:00:00,7038.97,7030.612112676056,7009.6523
2021-03-06 00:30:00,6882.37,6849.353472222222,6902.5273
2021-03-06 01:00:00,6635.04,6623.6768493150685,6689.7217
2021-03-06 01:30:00,6410.16,6343.849594594594,6398.2656
2021-03-06 02:00:00,6163.17,6122.978666666667,6242.71
2021-03-06 02:30:00,6089.11,5973.391184210526,6013.311
2021-03-06 03:00:00,5976.71,5895.379350649351,6041.5396
2021-03-06 03:30:00,5944.09,5863.277692307692,5972.2407
2021-03-06 04:00:00,5967.51,5878.560506329114,5947.0938
2021-03-06 04:30:00,6046.85,5968.13375,6074.2007
2021-03-06 05:00:00,6155.92,6065.881212121211,6185.1104
2021-03-06 05:30:00,6329.38,6259.118823529412,6346.169
2021-03-06 06:00:00,6493.98,6401.335714285714,6539.8716
2021-03-06 06:30:00,6661.97,6553.986388888889,6721.967
2021-03-06 07:00:00,6856.13,6691.277297297298,6848.956
2021-03-06 07:30:00,6982.94,6797.4034210526315,7073.1914
2021-03-06 08:00:00,6945.45,6782.845897435897,7115.799
2021-03-06 08:30:00,6834.15,6758.405250000001,6998.767
2021-03-06 09:00:00,6617.99,6613.156341463414,6800.231
2021-03-06 09:30:00,6405.27,6481.704285714286,6575.6147
2021-03-06 10:00:00,6236.09,6311.897441860466,6306.0703
2021-03-06 10:30:00,6209.5,6169.055227272727,6193.1753
2021-03-06 11:00:00,6273.68,6046.451333333333,6139.39
2021-03-06 11:30:00,6232.85,5945.968913043478,6331.1494
2021-03-06 12:00:00,6149.75,5831.047659574468,6217.025
2021-03-06 12:30:00,6018.13,5762.478125000001,6103.219
2021-03-06 13:00:00,5934.48,5714.673877551021,5966.1016
2021-03-06 13:30:00,5912.13,5706.1516,5872.6577
2021-03-06 14:00:00,5955.61,5752.318235294118,5911.3345
2021-03-06 14:30:00,6024.59,5850.220384615385,5971.7866
2021-03-06 15:00:00,6207.27,6039.110000000001,6170.865
2021-03-06 15:30:00,6341.67,6289.760555555556,6374.683
2021-03-06 16:00:00,6563.07,6563.4839999999995,6524.393
2021-03-06 16:30:00,6840.96,6820.072321428571,6730.9727
2021-03-06 17:00:00,7254.33,7116.068947368421,7081.7505
2021-03-06 17:30:00,7444.75,7321.018103448276,7559.1274
2021-03-06 18:00:00,7565.19,7485.052372881356,7762.3623
2021-03-06 18:30:00,7653.51,7559.754,7731.801
2021-03-06 19:00:00,7662.6,7599.680327868852,7733.3584
2021-03-06 19:30:00,7622.68,7591.011451612903,7701.983
2021-03-06 20:00:00,7424.83,7469.656825396825,7521.3135
2021-03-06 20:30:00,7204.99,7300.77484375,7329.504
2021-03-06 21:00:00,7093.83,7143.912307692308,7064.493
2021-03-06 21:30:00,7029.64,7087.748636363636,6964.93
2021-03-06 22:00:00,6944.5,7041.885820895522,6938.218
2021-03-06 22:30:00,6962.82,7002.059264705883,6837.414
2021-03-06 23:00:00,6863.18,6900.964927536232,6839.5054
2021-03-06 23:30:00,6701.01,6755.6507142857145,6710.9263
2021-03-07 00:00:00,6600.71,6624.615915492957,6567.7217
2021-03-07 00:30:00,6466.06,6451.891527777778,6487.024
2021-03-07 01:00:00,6324.44,6246.694520547945,6259.355
2021-03-07 01:30:00,6059.35,6001.795945945946,6132.2114
2021-03-07 02:00:00,5926.47,5821.187733333333,5949.0127
2021-03-07 02:30:00,5813.86,5714.7525,5816.463
2021-03-07 03:00:00,5782.95,5680.441038961039,5776.0312
2021-03-07 03:30:00,5739.67,5682.416794871795,5794.274
2021-03-07 04:00:00,5715.88,5713.544810126582,5715.578
2021-03-07 04:30:00,5780.68,5813.844375,5685.945
2021-03-07 05:00:00,5843.38,5895.330606060606,5859.7905
2021-03-07 05:30:00,6007.16,6041.677352941177,5959.758
2021-03-07 06:00:00,6098.83,6123.231428571428,6166.198
2021-03-07 06:30:00,6228.09,6219.663333333334,6243.771
2021-03-07 07:00:00,6317.82,6305.119729729729,6382.079
2021-03-07 07:30:00,6355.67,6365.263157894737,6458.276
2021-03-07 08:00:00,6312.99,6349.333076923077,6462.2295
2021-03-07 08:30:00,6263.45,6350.42575,6347.861
2021-03-07 09:00:00,6168.09,6290.65,6287.8467
2021-03-07 09:30:00,6056.09,6192.8590476190475,6158.6465
2021-03-07 10:00:00,6010.24,6106.876744186046,6010.367
2021-03-07 10:30:00,5984.3,6037.350909090909,5986.2456
2021-03-07 11:00:00,5995.24,5972.563333333333,5982.3774
2021-03-07 11:30:00,5892.92,5920.233260869565,6044.7046
2021-03-07 12:00:00,5853.48,5884.690638297873,5893.512
2021-03-07 12:30:00,5834.21,5874.180416666666,5833.2964
2021-03-07 13:00:00,5816.81,5900.544081632653,5850.08
2021-03-07 13:30:00,5862.88,5939.259,5805.2407
2021-03-07 14:00:00,5882.1,6047.350588235294,5921.373
2021-03-07 14:30:00,6035.51,6279.483269230769,5995.806
2021-03-07 15:00:00,6231.55,6551.196603773585,6193.554
2021-03-07 15:30:00,6526.17,6812.222037037037,6438.132
2021-03-07 16:00:00,6867.74,7113.661636363637,6802.919
2021-03-07 16:30:00,7244.54,7433.572678571429,7104.1577
2021-03-07 17:00:00,7742.57,7781.114912280702,7574.1
2021-03-07 17:30:00,8079.49,8023.189655172414,8009.5713
2021-03-07 18:00:00,8078.4,8194.33152542373,8428.453
2021-03-07 18:30:00,8042.57,8264.280333333334,8174.2397
2021-03-07 19:00:00,8046.3,8248.544426229508,8004.307
2021-03-07 19:30:00,8042.14,8158.091935483872,8003.824
2021-03-07 20:00:00,7843.09,8023.304285714285,7949.1206
2021-03-07 20:30:00,7617.61,7808.88359375,7732.946
2021-03-07 21:00:00,7388.49,7568.022153846154,7496.4043
2021-03-07 21:30:00,7294.02,7392.066666666667,7247.129
2021-03-07 22:00:00,7144.78,7235.812686567165,7192.206
2021-03-07 22:30:00,7036.0,7121.6775,7041.1655
2021-03-07 23:00:00,6883.8,6951.01231884058,6838.2744
2021-03-07 23:30:00,6739.56,6757.983714285714,6686.2764
2021-03-08 00:00:00,6660.81,6617.041126760563,6609.255
2021-03-08 00:30:00,6505.37,6454.044722222222,6505.0386
2021-03-08 01:00:00,6373.08,6261.486301369863,6325.828
2021-03-08 01:30:00,6147.85,6023.094324324324,6180.7285
2021-03-08 02:00:00,6032.27,5859.812133333333,6003.8843
2021-03-08 02:30:00,5998.33,5793.760263157895,5923.6284
2021-03-08 03:00:00,5995.42,5784.674805194805,6006.2544
2021-03-08 03:30:00,5990.42,5844.007948717948,6058.983
2021-03-08 04:00:00,6049.57,5934.352784810127,6048.4824
2021-03-08 04:30:00,6267.22,6169.6728125,6157.677
2021-03-08 05:00:00,6470.06,6416.832727272727,6548.4546
2021-03-08 05:30:00,6983.95,6823.798235294118,6852.4297
2021-03-08 06:00:00,7340.95,7170.762285714285,7428.0415
2021-03-08 06:30:00,7645.54,7468.053055555555,7727.4883
2021-03-08 07:00:00,7957.37,7683.028918918919,7867.4478
2021-03-08 07:30:00,7906.19,7770.224210526317,8140.583
2021-03-08 08:00:00,7865.15,7775.23435897436,7960.844
2021-03-08 08:30:00,7821.13,7817.544749999999,7863.9155
2021-03-08 09:00:00,7733.37,7797.59,7816.48
2021-03-08 09:30:00,7645.68,7768.1728571428575,7725.6333
2021-03-08 10:00:00,7656.06,7792.197209302325,7601.3877
2021-03-08 10:30:00,7485.58,7818.834318181819,7658.2646
2021-03-08 11:00:00,7547.66,7866.218222222223,7502.369
2021-03-08 11:30:00,7634.32,7904.94,7595.384
2021-03-08 12:00:00,7799.48,7989.622127659574,7706.4287
2021-03-08 12:30:00,8112.34,8071.455625,7968.621
2021-03-08 13:00:00,8448.11,8174.639795918367,8327.292
2021-03-08 13:30:00,8959.61,8306.2324,8678.921
2021-03-08 14:00:00,8935.9,8456.326862745098,9185.928
2021-03-08 14:30:00,8774.77,8726.440384615385,9049.533
2021-03-08 15:00:00,8837.37,8984.9320754717,8770.756
2021-03-08 15:30:00,8883.32,9184.70148148148,8875.977
2021-03-08 16:00:00,9043.62,9381.747272727273,8996.969
2021-03-08 16:30:00,8945.63,9573.728035714286,9096.396
2021-03-08 17:00:00,8913.51,9674.980701754386,8931.594
2021-03-08 17:30:00,8858.38,9628.340344827586,8837.123
2021-03-08 18:00:00,8866.27,9536.675084745762,8795.99
2021-03-08 18:30:00,8773.59,9334.148333333334,8842.38
2021-03-08 19:00:00,8787.73,9178.630655737705,8660.532
2021-03-08 19:30:00,8654.49,8971.61870967742,8677.938
2021-03-08 20:00:00,8408.49,8712.153174603174,8470.778
2021-03-08 20:30:00,8180.41,8475.37765625,8224.484
2021-03-08 21:00:00,7915.63,8185.740461538461,8017.7056
2021-03-08 21:30:00,7799.97,7994.274696969697,7748.9766
2021-03-08 22:00:00,7623.65,7792.229253731343,7670.8267
2021-03-08 22:30:00,7544.0,7641.620147058823,7512.3013
2021-03-08 23:00:00,7442.75,7487.434347826087,7385.51
2021-03-08 23:30:00,7273.09,7307.366857142857,7312.946
2021-03-09 00:00:00,7149.11,7179.775492957747,7153.0493
2021-03-09 00:30:00,6996.52,7034.1483333333335,6985.7773
2021-03-09 01:00:00,6769.36,6836.729589041096,6791.7188
2021-03-09 01:30:00,6501.39,6592.605945945947,6531.824
2021-03-09 02:00:00,6331.33,6387.752,6319.2754
2021-03-09 02:30:00,6215.01,6271.008947368421,6195.354
2021-03-09 03:00:00,6167.11,6212.30038961039,6178.234
2021-03-09 03:30:00,6116.67,6221.12358974359,6151.9966
2021-03-09 04:00:00,6177.76,6280.152784810127,6149.1
2021-03-09 04:30:00,6409.94,6452.18125,6281.562
2021-03-09 05:00:00,6590.4,6688.663333333334,6649.631
2021-03-09 05:30:00,7011.87,7102.589117647059,6974.793
2021-03-09 06:00:00,7416.97,7473.720857142857,7405.7944
2021-03-09 06:30:00,7809.11,7777.723333333332,7808.6133
2021-03-09 07:00:00,7926.87,7984.697567567568,8060.319
2021-03-09 07:30:00,7865.61,8024.996578947368,8103.5303
2021-03-09 08:00:00,7713.44,7937.184871794872,7894.649
2021-03-09 08:30:00,7710.45,7872.64975,7710.363
2021-03-09 09:00:00,7527.02,7760.834146341464,7729.043
2021-03-09 09:30:00,7398.95,7669.580952380953,7562.9033
2021-03-09 10:00:00,7301.08,7625.116511627907,7355.1865
2021-03-09 10:30:00,7284.74,7582.989318181819,7290.8486
2021-03-09 11:00:00,7288.37,7583.347999999999,7290.1553
2021-03-09 11:30:00,7364.16,7562.121956521739,7297.689
2021-03-09 12:00:00,7598.12,7505.996170212766,7399.2603
2021-03-09 12:30:00,7606.9,7537.506249999999,7701.556
2021-03-09 13:00:00,7723.48,7582.994081632653,7665.6045
2021-03-09 13:30:00,7793.09,7663.695600000001,7789.0317
2021-03-09 14:00:00,7998.16,7746.8437254901955,7845.4873
2021-03-09 14:30:00,8161.14,7900.49576923077,8149.752
2021-03-09 15:00:00,8439.06,8085.151132075472,8263.492
2021-03-09 15:30:00,8599.15,8312.468703703704,8604.203
2021-03-09 16:00:00,8811.84,8537.790909090909,8740.462
2021-03-09 16:30:00,8914.52,8790.810535714287,8856.01
2021-03-09 17:00:00,9206.19,9002.477017543859,8959.689
2021-03-09 17:30:00,9106.55,9122.627586206898,9331.806
2021-03-09 18:00:00,9089.7,9155.457966101696,9055.938
2021-03-09 18:30:00,8921.44,9057.935333333333,9016.619
2021-03-09 19:00:00,8833.73,8967.692786885245,8741.875
2021-03-09 19:30:00,8670.9,8815.400483870968,8690.923
2021-03-09 20:00:00,8438.67,8586.706507936507,8511.849
2021-03-09 20:30:00,8234.32,8337.5628125,8252.89
2021-03-09 21:00:00,7963.61,8066.414307692308,8041.8813
2021-03-09 21:30:00,7894.82,7874.402575757576,7804.0264
2021-03-09 22:00:00,7708.14,7696.590447761194,7750.9805
2021-03-09 22:30:00,7618.84,7604.424117647059,7590.4736
2021-03-09 23:00:00,7529.49,7476.036811594203,7426.6714
2021-03-09 23:30:00,7291.08,7306.930571428572,7354.345
2021-03-10 00:00:00,7221.96,7189.878591549296,7148.452
2021-03-10 00:30:00,6982.33,7042.046666666666,7070.5034
2021-03-10 01:00:00,6756.24,6855.33205479452,6763.6436
2021-03-10 01:30:00,6494.46,6605.519594594594,6494.0737
2021-03-10 02:00:00,6317.77,6396.616933333334,6334.151
2021-03-10 02:30:00,6178.89,6278.4411842105255,6195.662
2021-03-10 03:00:00,6134.12,6210.516623376623,6133.9717
2021-03-10 03:30:00,6158.81,6208.25358974359,6115.5566
2021-03-10 04:00:00,6211.99,6263.445569620253,6242.1
2021-03-10 04:30:00,6409.04,6425.3478125,6386.779
2021-03-10 05:00:00,6566.17,6657.806363636364,6643.659
2021-03-10 05:30:00,7056.38,7067.008235294117,6891.997
2021-03-10 06:00:00,7468.13,7450.308571428571,7479.198
2021-03-10 06:30:00,7791.14,7776.465277777777,7849.161
2021-03-10 07:00:00,7994.81,8007.895405405406,8032.9775
2021-03-10 07:30:00,7967.35,8064.338947368421,8168.5464
2021-03-10 08:00:00,7965.64,8015.61076923077,8045.628
2021-03-10 08:30:00,7927.61,7955.979249999999,7958.676
2021-03-10 09:00:00,7911.35,7837.040975609756,7929.5137
2021-03-10 09:30:00,7783.61,7727.200000000001,7931.1875
2021-03-10 10:00:00,7692.92,7646.058372093024,7732.297
2021-03-10 10:30:00,7620.78,7570.975909090909,7646.864
2021-03-10 11:00:00,7543.12,7533.241333333333,7579.586
2021-03-10 11:30:00,7478.99,7478.708913043478,7542.1997
2021-03-10 12:00:00,7509.53,7400.002765957447,7489.4937
2021-03-10 12:30:00,7579.3,7396.427916666667,7518.32
2021-03-10 13:00:00,7590.98,7430.364489795918,7633.84
2021-03-10 13:30:00,7664.3,7493.2898,7625.5044
2021-03-10 14:00:00,7796.87,7546.072549019608,7714.5425
2021-03-10 14:30:00,7841.75,7667.750576923077,7824.798
2021-03-10 15:00:00,8087.88,7817.654905660378,7948.8394
2021-03-10 15:30:00,8314.82,8004.375370370371,8235.078
2021-03-10 16:00:00,8567.98,8218.494,8485.203
2021-03-10 16:30:00,8712.84,8419.440178571429,8739.126
2021-03-10 17:00:00,8841.21,8624.870877192983,8828.172
2021-03-10 17:30:00,8795.09,8752.398275862068,8858.131
2021-03-10 18:00:00,8782.34,8806.841355932203,8750.186
2021-03-10 18:30:00,8649.29,8747.045,8719.637
2021-03-10 19:00:00,8589.68,8689.95524590164,8510.568
2021-03-10 19:30:00,8480.46,8557.310645161291,8463.966
2021-03-10 20:00:00,8269.43,8357.801428571429,8309.891
2021-03-10 20:30:00,8047.16,8147.08703125,8079.0366
2021-03-10 21:00:00,7817.33,7907.797692307692,7911.6787
2021-03-10 21:30:00,7732.69,7774.0178787878785,7692.506
2021-03-10 22:00:00,7642.24,7632.649552238806,7622.9346
2021-03-10 22:30:00,7567.36,7575.084411764706,7553.201
2021-03-10 23:00:00,7461.71,7457.816666666667,7394.5244
2021-03-10 23:30:00,7333.09,7282.809714285714,7311.728
2021-03-11 00:00:00,7260.08,7174.482816901409,7189.4404
2021-03-11 00:30:00,7047.49,7017.185,7117.48
2021-03-11 01:00:00,6824.6,6825.620273972603,6849.1
2021-03-11 01:30:00,6539.74,6568.0933783783785,6575.8267
2021-03-11 02:00:00,6367.79,6364.5196,6356.5264
2021-03-11 02:30:00,6223.81,6249.398815789474,6226.9556
2021-03-11 03:00:00,6179.06,6185.305714285714,6166.693
2021-03-11 03:30:00,6154.39,6184.165641025641,6139.7183
2021-03-11 04:00:00,6231.46,6250.146582278481,6216.617
2021-03-11 04:30:00,6459.3,6447.9915625,6361.923
2021-03-11 05:00:00,6702.19,6680.2527272727275,6693.7983
2021-03-11 05:30:00,7162.31,7099.997352941176,7192.0757
2021-03-11 06:00:00,7617.01,7499.773714285715,7610.47
2021-03-11 06:30:00,7944.39,7829.708055555555,7953.8086
2021-03-11 07:00:00,8164.82,8069.087567567567,8152.8447
2021-03-11 07:30:00,8191.14,8160.797368421052,8305.8955
2021-03-11 08:00:00,8227.24,8209.126666666667,8249.49
2021-03-11 08:30:00,8256.13,8261.819,8257.627
2021-03-11 09:00:00,8259.2,8245.097804878049,8260.008
2021-03-11 09:30:00,8153.78,8229.140952380953,8268.65
2021-03-11 10:00:00,8087.36,8217.812790697675,8141.134
2021-03-11 10:30:00,8106.11,8182.540681818181,8055.299
2021-03-11 11:00:00,8082.76,8176.278888888889,8132.5063
2021-03-11 11:30:00,8017.67,8160.820869565217,8107.9526
2021-03-11 12:00:00,8171.49,8207.355106382978,8029.329
2021-03-11 12:30:00,8201.18,8226.319791666667,8270.797
2021-03-11 13:00:00,8134.22,8285.762040816327,8259.56
2021-03-11 13:30:00,8144.79,8353.542,8151.285
2021-03-11 14:00:00,8156.89,8379.553137254903,8157.141
2021-03-11 14:30:00,8214.98,8421.09826923077,8204.907
2021-03-11 15:00:00,8265.77,8531.05037735849,8290.259
2021-03-11 15:30:00,8287.67,8649.073888888888,8338.83
2021-03-11 16:00:00,8523.72,8772.576363636364,8337.617
2021-03-11 16:30:00,8837.42,8882.255714285715,8618.264
2021-03-11 17:00:00,9088.55,8992.565087719298,9037.2295
2021-03-11 17:30:00,9028.59,8952.519827586208,9241.192
2021-03-11 18:00:00,9048.94,8897.448983050846,9030.368
2021-03-11 18:30:00,8997.76,8797.287166666667,8994.001
2021-03-11 19:00:00,8928.75,8744.877049180328,8825.059
2021-03-11 19:30:00,8768.07,8628.879032258064,8759.291
2021-03-11 20:00:00,8558.39,8434.35746031746,8582.053
2021-03-11 20:30:00,8284.77,8229.98984375,8363.508
2021-03-11 21:00:00,8027.51,7995.298307692308,8087.5415
2021-03-11 21:30:00,7877.46,7871.460606060607,7883.711
2021-03-11 22:00:00,7762.95,7725.060746268657,7740.6924
2021-03-11 22:30:00,7745.09,7647.000147058824,7665.6494
2021-03-11 23:00:00,7629.62,7542.111014492753,7555.4277
2021-03-11 23:30:00,7466.78,7363.553857142858,7446.7554
2021-03-12 00:00:00,7355.94,7252.85985915493,7341.419
2021-03-12 00:30:00,7156.78,7100.498194444444,7196.738
2021-03-12 01:00:00,6990.9,6911.602739726028,6966.7627
2021-03-12 01:30:00,6687.28,6657.79527027027,6768.502
2021-03-12 02:00:00,6426.36,6460.655866666667,6511.5415
2021-03-12 02:30:00,6290.6,6343.061578947369,6269.1455
2021-03-12 03:00:00,6278.24,6278.795454545455,6228.8477
2021-03-12 03:30:00,6308.04,6274.262435897435,6288.531
2021-03-12 04:00:00,6347.35,6341.457215189874,6444.22
2021-03-12 04:30:00,6594.0,6557.03625,6536.4473
2021-03-12 05:00:00,6850.4,6790.220303030303,6905.2793
2021-03-12 05:30:00,7247.56,7207.340294117647,7343.4624
2021-03-12 06:00:00,7692.12,7601.680285714286,7687.954
2021-03-12 06:30:00,8056.76,7958.284722222223,8059.4297
2021-03-12 07:00:00,8264.49,8233.226756756758,8298.012
2021-03-12 07:30:00,8354.71,8379.524210526315,8411.0205
2021-03-12 08:00:00,8331.77,8443.837435897436,8394.387
2021-03-12 08:30:00,8303.37,8490.84525,8350.143
2021-03-12 09:00:00,8303.32,8458.397073170732,8306.376
2021-03-12 09:30:00,8235.04,8390.964047619047,8304.562
2021-03-12 10:00:00,8177.98,8313.412325581396,8202.55
2021-03-12 10:30:00,8118.82,8219.923181818182,8158.0015
2021-03-12 11:00:00,8007.76,8150.728222222223,8117.75
2021-03-12 11:30:00,7975.21,8116.1934782608705,7984.804
2021-03-12 12:00:00,7898.41,8132.985957446809,8006.061
2021-03-12 12:30:00,7916.46,8121.981875,7925.1553
2021-03-12 13:00:00,7939.94,8161.833469387756,7948.627
2021-03-12 13:30:00,8011.66,8213.6878,7969.517
2021-03-12 14:00:00,8179.38,8261.123529411765,8050.5635
2021-03-12 14:30:00,8267.56,8291.31826923077,8301.131
2021-03-12 15:00:00,8436.27,8444.211132075472,8362.914
2021-03-12 15:30:00,8541.07,8617.306111111111,8520.136
2021-03-12 16:00:00,8504.92,8804.458727272728,8649.196
2021-03-12 16:30:00,8667.79,8918.360892857143,8572.201
2021-03-12 17:00:00,8778.39,9014.333333333334,8762.337
2021-03-12 17:30:00,8740.03,8925.558793103448,8833.224
2021-03-12 18:00:00,8800.87,8851.899661016949,8716.746
2021-03-12 18:30:00,8732.51,8741.990166666666,8750.356
2021-03-12 19:00:00,8659.92,8697.61868852459,8608.407
2021-03-12 19:30:00,8603.29,8604.533709677418,8541.146
2021-03-12 20:00:00,8427.34,8418.194761904762,8422.226
2021-03-12 20:30:00,8225.41,8230.56328125,8241.916
2021-03-12 21:00:00,8014.83,8037.127230769231,8050.242
2021-03-12 21:30:00,7984.1,7955.271666666667,7884.0005
2021-03-12 22:00:00,7883.96,7853.757910447762,7839.631
2021-03-12 22:30:00,7812.76,7771.297647058824,7775.0137
2021-03-12 23:00:00,7689.09,7670.105507246377,7622.335
2021-03-12 23:30:00,7541.77,7496.130428571429,7517.67
2021-03-13 00:00:00,7384.5,7368.280281690141,7408.914
2021-03-13 00:30:00,7162.5,7184.06,7229.209
2021-03-13 01:00:00,6881.53,6963.192328767123,6955.0654
2021-03-13 01:30:00,6531.4,6694.911621621622,6637.537
2021-03-13 02:00:00,6291.9,6471.027066666667,6339.944
2021-03-13 02:30:00,6196.89,6322.451052631579,6151.7295
2021-03-13 03:00:00,6141.64,6236.114155844156,6148.085
2021-03-13 03:30:00,6091.57,6193.467564102563,6145.382
2021-03-13 04:00:00,6139.0,6190.717215189873,6114.8574
2021-03-13 04:30:00,6161.37,6239.125625,6248.967
2021-03-13 05:00:00,6267.15,6330.221515151515,6276.399
2021-03-13 05:30:00,6458.4,6508.847647058824,6469.155
2021-03-13 06:00:00,6656.94,6640.822571428572,6644.941
2021-03-13 06:30:00,6862.23,6800.174166666667,6944.4326
2021-03-13 07:00:00,7048.94,6963.432702702703,7093.371
2021-03-13 07:30:00,7200.3,7104.775789473683,7283.9546
2021-03-13 08:00:00,7295.94,7185.652820512821,7362.009
2021-03-13 08:30:00,7280.71,7263.789999999999,7458.476
2021-03-13 09:00:00,7151.03,7242.382195121951,7338.639
2021-03-13 09:30:00,7020.06,7245.283095238096,7164.549
2021-03-13 10:00:00,6903.95,7190.078139534883,6997.2935
2021-03-13 10:30:00,6845.07,7120.765909090909,6894.4834
2021-03-13 11:00:00,6937.12,7127.861555555556,6840.713
2021-03-13 11:30:00,7124.16,7157.82,6977.3345
2021-03-13 12:00:00,7339.66,7244.159361702127,7296.972
2021-03-13 12:30:00,7519.65,7387.098958333333,7534.865
2021-03-13 13:00:00,7628.86,7557.942448979592,7669.318
2021-03-13 13:30:00,7877.99,7758.951800000001,7723.615
2021-03-13 14:00:00,8159.49,7977.907647058823,8091.8613
2021-03-13 14:30:00,8299.43,8183.243653846153,8328.666
2021-03-13 15:00:00,8543.59,8440.219811320756,8430.972
2021-03-13 15:30:00,8862.28,8729.673148148147,8718.051
2021-03-13 16:00:00,9113.19,9018.965272727271,9090.635
2021-03-13 16:30:00,9337.36,9265.934821428573,9277.412
2021-03-13 17:00:00,9522.88,9500.01245614035,9514.115
2021-03-13 17:30:00,9587.3,9575.911896551725,9679.901
2021-03-13 18:00:00,9558.61,9539.013050847458,9674.648
2021-03-13 18:30:00,9399.08,9425.558833333334,9564.753
2021-03-13 19:00:00,9318.24,9291.23868852459,9241.432
2021-03-13 19:30:00,9105.64,9126.99129032258,9199.649
2021-03-13 20:00:00,8808.7,8933.761904761905,8920.876
2021-03-13 20:30:00,8382.68,8749.20484375,8600.089
2021-03-13 21:00:00,8138.18,8512.869076923076,8176.805
2021-03-13 21:30:00,8257.63,8293.93196969697,7979.0503
2021-03-13 22:00:00,8116.97,8122.894179104478,8153.2036
2021-03-13 22:30:00,7997.84,8053.7075,8009.0513
2021-03-13 23:00:00,7709.37,7840.795072463768,7772.02
2021-03-13 23:30:00,7473.85,7551.289285714286,7485.7603
2021-03-14 00:00:00,7309.07,7339.697183098591,7294.9526
2021-03-14 00:30:00,7157.65,7075.247361111111,7141.3843
2021-03-14 01:00:00,6941.33,6813.849726027398,6970.607
2021-03-14 01:30:00,6700.39,6498.098783783784,6705.135
2021-03-14 02:00:00,6471.08,6291.797866666667,6525.1064
2021-03-14 02:30:00,6367.18,6170.498684210526,6358.5005
2021-03-14 03:00:00,6319.59,6119.5710389610385,6304.963
2021-03-14 03:30:00,6296.22,6084.632179487179,6306.1104
2021-03-14 04:00:00,6204.06,6089.363037974684,6374.337
2021-03-14 04:30:00,6251.94,6155.0615625,6236.0195
2021-03-14 05:00:00,6337.21,6219.1336363636365,6281.6533
2021-03-14 05:30:00,6457.94,6356.401176470588,6542.075
2021-03-14 06:00:00,6544.2,6459.495428571428,6611.6543
2021-03-14 06:30:00,6671.99,6558.267777777778,6757.009
2021-03-14 07:00:00,6784.86,6681.597027027027,6809.0244
2021-03-14 07:30:00,7058.04,6848.047894736842,6976.988
2021-03-14 08:00:00,7207.98,6970.862307692308,7208.8936
2021-03-14 08:30:00,7394.01,7135.687,7382.808
2021-03-14 09:00:00,7511.45,7197.8651219512185,7476.815
2021-03-14 09:30:00,7492.43,7232.216190476191,7545.9673
2021-03-14 10:00:00,7466.22,7191.988604651163,7468.0557
2021-03-14 10:30:00,7374.06,7168.405909090909,7419.0283
2021-03-14 11:00:00,7344.92,7080.075777777777,7306.481
2021-03-14 11:30:00,7289.29,7036.379347826087,7257.5537
2021-03-14 12:00:00,7138.29,7014.374680851063,7230.4824
2021-03-14 12:30:00,7119.03,6984.729375,7060.6924
2021-03-14 13:00:00,7037.55,6931.1034693877555,7046.391
2021-03-14 13:30:00,7022.79,6903.944399999999,6954.69
2021-03-14 14:00:00,7057.33,6906.166078431372,6954.392
2021-03-14 14:30:00,7115.17,6964.141730769231,6997.369
2021-03-14 15:00:00,7172.23,7071.370188679245,7077.5693
2021-03-14 15:30:00,7274.71,7190.679999999999,7161.013
2021-03-14 16:00:00,7469.26,7354.786727272728,7392.4575
2021-03-14 16:30:00,7675.22,7534.544464285714,7575.123
2021-03-14 17:00:00,7888.54,7761.815614035088,7855.9863
2021-03-14 17:30:00,8050.23,7890.7418965517245,8032.402
2021-03-14 18:00:00,8046.18,7982.650847457628,8184.001
2021-03-14 18:30:00,7956.99,8010.395,8047.343
2021-03-14 19:00:00,7907.1,8009.381967213115,7853.894
2021-03-14 19:30:00,7696.41,7929.866935483871,7800.897
2021-03-14 20:00:00,7531.51,7776.873174603174,7540.715
2021-03-14 20:30:00,7326.22,7601.88296875,7396.0283
2021-03-14 21:00:00,7137.88,7409.301538461538,7231.437
2021-03-14 21:30:00,6975.34,7264.319696969696,7030.6006
2021-03-14 22:00:00,6861.63,7137.770895522389,6828.418
2021-03-14 22:30:00,6793.4,7027.654117647058,6695.6294
2021-03-14 23:00:00,6679.95,6882.848695652174,6602.4155
2021-03-14 23:30:00,6557.98,6718.9554285714285,6473.8677
2021-03-15 00:00:00,6446.8,6616.874507042254,6436.261
2021-03-15 00:30:00,6313.85,6504.453333333334,6343.0728
2021-03-15 01:00:00,6186.71,6334.004794520548,6102.807
2021-03-15 01:30:00,5969.96,6117.617567567568,6004.4395
2021-03-15 02:00:00,5788.12,5948.4176,5858.3545
2021-03-15 02:30:00,5694.03,5861.638552631579,5695.5767
2021-03-15 03:00:00,5682.96,5842.770909090909,5650.3633
2021-03-15 03:30:00,5744.75,5875.4389743589745,5648.715
2021-03-15 04:00:00,5836.48,5972.130632911392,5806.178
2021-03-15 04:30:00,6020.93,6176.3984375,5930.433
2021-03-15 05:00:00,6280.83,6445.592727272728,6187.9404
2021-03-15 05:30:00,6720.64,6880.043235294118,6605.951
2021-03-15 06:00:00,7232.8,7294.543142857143,7237.7827
2021-03-15 06:30:00,7619.84,7593.27,7725.9517
2021-03-15 07:00:00,7854.35,7795.269459459459,7865.349
2021-03-15 07:30:00,7721.9,7769.406052631579,8025.9565
2021-03-15 08:00:00,7487.82,7601.545641025642,7715.826
2021-03-15 08:30:00,7294.55,7440.02025,7420.5605
2021-03-15 09:00:00,7094.06,7245.266341463414,7231.038
2021-03-15 09:30:00,6890.11,7055.530952380952,7026.1665
2021-03-15 10:00:00,6667.2,6886.120930232559,6809.227
2021-03-15 10:30:00,6557.85,6739.044999999999,6582.4404
2021-03-15 11:00:00,6533.83,6624.060888888888,6486.441
2021-03-15 11:30:00,6544.92,6562.204130434783,6490.778
2021-03-15 12:00:00,6543.2,6514.352978723405,6549.866
2021-03-15 12:30:00,6515.71,6482.6779166666665,6558.295
2021-03-15 13:00:00,6452.9,6469.833469387756,6466.795
2021-03-15 13:30:00,6492.71,6479.7812,6389.4634
2021-03-15 14:00:00,6550.99,6550.073725490196,6480.836
2021-03-15 14:30:00,6616.16,6676.475192307693,6599.9756
2021-03-15 15:00:00,6833.53,6883.408301886792,6672.331
2021-03-15 15:30:00,6962.19,7111.92,6949.6597
2021-03-15 16:00:00,7168.18,7369.482,7101.339
2021-03-15 16:30:00,7468.69,7680.582321428571,7344.5815
2021-03-15 17:00:00,7817.45,8004.899473684211,7719.3887
2021-03-15 17:30:00,8060.39,8220.842068965518,8068.4326
2021-03-15 18:00:00,8226.74,8367.729491525424,8303.274
2021-03-15 18:30:00,8177.69,8391.2645,8317.983
2021-03-15 19:00:00,8193.12,8415.235081967214,8083.8364
2021-03-15 19:30:00,8005.08,8331.775806451613,8061.42
2021-03-15 20:00:00,7780.0,8156.809365079365,7836.7236
2021-03-15 20:30:00,7573.62,7963.42921875,7633.076
2021-03-15 21:00:00,7374.54,7737.725846153846,7451.7007
2021-03-15 21:30:00,7274.84,7620.454393939393,7233.1016
2021-03-15 22:00:00,7189.56,7511.861343283583,7208.716
2021-03-15 22:30:00,7184.81,7428.101176470588,7095.181
2021-03-15 23:00:00,7067.12,7334.493768115942,7059.492
2021-03-15 23:30:00,6955.38,7200.954142857143,6906.529
2021-03-16 00:00:00,6908.59,7088.657464788732,6821.3633
2021-03-16 00:30:00,6743.32,6935.094722222222,6783.155
2021-03-16 01:00:00,6613.53,6736.102191780822,6535.8354
2021-03-16 01:30:00,6314.55,6463.570135135135,6412.4907
2021-03-16 02:00:00,6099.16,6233.3461333333335,6135.9136
2021-03-16 02:30:00,5984.86,6096.725394736842,5972.521
2021-03-16 03:00:00,5896.86,6033.521688311688,5916.047
2021-03-16 03:30:00,5890.23,6039.702692307692,5872.236
2021-03-16 04:00:00,5989.56,6101.068227848102,5942.627
2021-03-16 04:30:00,6186.56,6288.708125,6125.6416
2021-03-16 05:00:00,6437.47,6542.225757575758,6415.3877
2021-03-16 05:30:00,6938.71,6969.7747058823525,6898.881
2021-03-16 06:00:00,7384.11,7415.883428571429,7353.607
2021-03-16 06:30:00,7778.06,7754.185277777778,7773.086
2021-03-16 07:00:00,7956.8,8010.622972972973,8028.103
2021-03-16 07:30:00,7895.63,8080.849210526317,8122.9014
2021-03-16 08:00:00,7777.76,8027.867948717948,7847.651
2021-03-16 08:30:00,7733.81,7945.5245,7731.0874
2021-03-16 09:00:00,7595.17,7808.588536585366,7677.3193
2021-03-16 09:30:00,7440.22,7688.146190476191,7544.395
2021-03-16 10:00:00,7309.97,7581.276046511628,7349.085
2021-03-16 10:30:00,7029.92,7461.991818181818,7231.266
2021-03-16 11:00:00,6936.6,7372.544222222222,6907.9766
2021-03-16 11:30:00,7085.09,7305.595869565217,6871.7466
2021-03-16 12:00:00,7312.93,7271.311914893617,7079.591
2021-03-16 12:30:00,7399.55,7242.171249999999,7379.1465
2021-03-16 13:00:00,7401.23,7225.681020408163,7438.4214
2021-03-16 13:30:00,7467.85,7216.054399999999,7347.6963
2021-03-16 14:00:00,7466.8,7260.076862745098,7481.5635
2021-03-16 14:30:00,7482.83,7324.486153846155,7488.7754
2021-03-16 15:00:00,7559.69,7442.06641509434,7500.2417
2021-03-16 15:30:00,7672.84,7588.202777777778,7563.532
2021-03-16 16:00:00,7894.69,7774.297818181818,7760.0195
2021-03-16 16:30:00,8097.72,7979.753928571429,7972.7373
2021-03-16 17:00:00,8365.05,8193.181052631578,8229.878
2021-03-16 17:30:00,8393.76,8318.443793103448,8521.2705
2021-03-16 18:00:00,8568.28,8406.572033898305,8464.631
2021-03-16 18:30:00,8507.87,8419.192000000001,8620.436
2021-03-16 19:00:00,8375.9,8378.004426229509,8409.509
2021-03-16 19:30:00,8198.43,8170.270806451613,8234.408
2021-03-16 20:00:00,8012.27,7953.680793650794,8007.7173
2021-03-16 20:30:00,7775.97,7750.70296875,7815.2114
2021-03-16 21:00:00,7519.49,7533.004461538461,7657.0825
2021-03-16 21:30:00,7462.84,7432.9681818181825,7381.784
2021-03-16 22:00:00,7373.83,7339.751940298507,7356.8696
2021-03-16 22:30:00,7345.78,7297.7379411764705,7295.2603
2021-03-16 23:00:00,7218.99,7202.254202898551,7179.7583
2021-03-16 23:30:00,7056.88,7070.0698571428575,7052.7817
2021-03-17 00:00:00,6999.23,6982.289436619718,6907.6113
2021-03-17 00:30:00,6849.85,6867.330833333333,6876.5527
2021-03-17 01:00:00,6618.34,6682.372602739726,6647.2046
2021-03-17 01:30:00,6353.34,6420.3322972972965,6392.2993
2021-03-17 02:00:00,6155.11,6189.153066666667,6202.3735
2021-03-17 02:30:00,5999.4,6052.88697368421,6032.2515
2021-03-17 03:00:00,5964.12,5982.297532467532,5957.7837
2021-03-17 03:30:00,5981.55,5988.551794871794,5969.492
2021-03-17 04:00:00,6051.72,6046.869367088608,6045.2627
2021-03-17 04:30:00,6237.05,6219.2165625,6222.126
2021-03-17 05:00:00,6498.06,6465.577878787879,6494.263
2021-03-17 05:30:00,6985.1,6881.317352941177,6831.474
2021-03-17 06:00:00,7452.83,7328.338857142857,7442.7183
2021-03-17 06:30:00,7821.44,7709.531111111111,7854.0986
2021-03-17 07:00:00,8068.72,8007.894324324325,8080.447
2021-03-17 07:30:00,8060.23,8145.021842105263,8252.603
2021-03-17 08:00:00,7901.14,8159.901794871795,8058.327
2021-03-17 08:30:00,7841.94,8113.053,7837.4937
2021-03-17 09:00:00,7814.3,8013.640243902439,7780.978
2021-03-17 09:30:00,7755.16,7906.648809523809,7773.7627
2021-03-17 10:00:00,7695.32,7798.721162790698,7719.499
2021-03-17 10:30:00,7595.23,7678.294999999999,7661.5015
2021-03-17 11:00:00,7537.24,7597.421333333334,7539.3696
2021-03-17 11:30:00,7511.38,7525.83,7508.8584
2021-03-17 12:00:00,7471.58,7474.4657446808515,7468.2456
2021-03-17 12:30:00,7474.37,7435.243125,7441.843
2021-03-17 13:00:00,7408.45,7409.621632653062,7455.2847
2021-03-17 13:30:00,7370.84,7396.5488,7395.8193
2021-03-17 14:00:00,7464.73,7420.855490196079,7317.3345
2021-03-17 14:30:00,7460.35,7462.601153846154,7457.3623
2021-03-17 15:00:00,7657.38,7545.100754716982,7475.1567
2021-03-17 15:30:00,7795.99,7641.311296296296,7747.17
2021-03-17 16:00:00,7941.81,7793.604909090909,7905.4087
2021-03-17 16:30:00,8143.58,7968.660714285715,7998.3154
2021-03-17 17:00:00,8367.39,8168.86245614035,8245.372
2021-03-17 17:30:00,8471.23,8289.461379310345,8495.526
2021-03-17 18:00:00,8518.35,8367.849152542372,8582.818
2021-03-17 18:30:00,8496.3,8356.104,8549.18
2021-03-17 19:00:00,8397.93,8300.884262295081,8349.524
2021-03-17 19:30:00,8271.57,8091.210483870967,8239.842
2021-03-17 20:00:00,7995.89,7879.343174603175,8088.483
2021-03-17 20:30:00,7735.99,7686.533125,7800.7427
2021-03-17 21:00:00,7560.98,7482.453230769231,7573.004
2021-03-17 21:30:00,7503.12,7396.625303030303,7419.0835
2021-03-17 22:00:00,7419.77,7317.702686567164,7426.9365
2021-03-17 22:30:00,7417.91,7266.887647058823,7344.5493
2021-03-17 23:00:00,7287.32,7173.86652173913,7284.6836
2021-03-17 23:30:00,7172.39,7043.236857142857,7158.213
